,Media Source,Date,Text,Tweets Ago,Compound,Negative,Neutral,Positive
0,BBC News (UK),Fri Jul 27 16:53:00 +0000 2018,"RT @BBCPanorama: Stockton-on-Tees is the town with England‚Äôs biggest health gap.

People from deprived areas can die 18 years younger than‚Ä¶",1,-0.7906,0.731,0.269,0.0
1,BBC News (UK),Fri Jul 27 16:34:03 +0000 2018,"üìµ Get ready for Scroll Free September üìµ

https://t.co/aEtQxtDWZ7",2,0.7003,0.463,0.0,0.537
2,BBC News (UK),Fri Jul 27 16:29:35 +0000 2018,Christine Lampard's stalker Christof King sentenced https://t.co/zsY8KwBwK3,3,-0.0258,0.845,0.155,0.0
3,BBC News (UK),Fri Jul 27 16:16:02 +0000 2018,Drill music video stop and search by armed police 'embarrassing' https://t.co/QbRglMAMDX,4,-0.296,0.82,0.18,0.0
4,BBC News (UK),Fri Jul 27 16:09:52 +0000 2018,"RT @BBCNewsbeat: The incident was described as ""embarrassing"" and ""degrading""
https://t.co/7SnOVdrqGk",5,0.0,1.0,0.0,0.0
5,BBC News (UK),Fri Jul 27 15:22:09 +0000 2018,Petrichor: why does rain smell so good? https://t.co/vEKfypqgXp,6,0.5777,0.652,0.0,0.348
6,BBC News (UK),Fri Jul 27 15:16:43 +0000 2018,Woburn Safari Park black bear attacks family's car https://t.co/xv2tyNyRdK,7,-0.4404,0.734,0.266,0.0
7,BBC News (UK),Fri Jul 27 15:14:26 +0000 2018,From box office worker to West End stage star in five hours https://t.co/SwCMzHgQbF,8,0.0,1.0,0.0,0.0
8,BBC News (UK),Fri Jul 27 15:11:45 +0000 2018,Julian Assange: UK and Ecuador in talks on Wikileaks founder's fate https://t.co/cCho1KGW1d,9,0.0,1.0,0.0,0.0
9,BBC News (UK),Fri Jul 27 15:11:04 +0000 2018,RT @JudithMoritz: The family of 6 yr old Stanley Metcalf have released this photo of him. He was shot with a pellet gun yesterday. @Humberb‚Ä¶,10,-0.34,0.902,0.098,0.0
10,BBC News (UK),Fri Jul 27 14:41:09 +0000 2018,"RT @BBCWorld: üò≥

https://t.co/qYyE9T1Azb",11,0.0,1.0,0.0,0.0
11,BBC News (UK),Fri Jul 27 14:27:09 +0000 2018,Juana Rivas: Court jails mother who hid with sons in custody battle https://t.co/HySCqc0ojn,12,-0.4588,0.733,0.267,0.0
12,BBC News (UK),Fri Jul 27 14:19:52 +0000 2018,"Police on death of 6-year-old boy in East Yorkshire: ""Initial indications are this was a tragic accident involving‚Ä¶ https://t.co/bACwbzebky",13,-0.875,0.6,0.4,0.0
13,BBC News (UK),Fri Jul 27 14:09:13 +0000 2018,The drug causing chaos in our prisons https://t.co/XKUEIOiJ3e https://t.co/HiDlp7meKK,14,-0.5719,0.684,0.316,0.0
14,BBC News (UK),Fri Jul 27 13:52:40 +0000 2018,Scroll Free September: Social media users urged to log off https://t.co/T1UO23M6dZ,15,0.5106,0.752,0.0,0.248
15,BBC News (UK),Fri Jul 27 13:40:02 +0000 2018,"'It's University Challenge, why are you talking about my hair?' https://t.co/5N6cHqxNSm",16,0.0772,0.885,0.0,0.115
16,BBC News (UK),Fri Jul 27 13:25:33 +0000 2018,"RT @BBC_HaveYourSay: Please send us your pictures of the blood moon tonight. üåô
Here's how you can get in touch: 
üì∑ yourpics@bbc.co.uk
üìß hav‚Ä¶",17,0.3182,0.897,0.0,0.103
17,BBC News (UK),Fri Jul 27 13:20:13 +0000 2018,"RT @JGBS: Police have given some details of the casualties in last night‚Äôs horrific crash on the A96.
Those who died were a man &amp; two women‚Ä¶",18,-0.8934,0.682,0.318,0.0
18,BBC News (UK),Fri Jul 27 13:18:00 +0000 2018,Follow updates here: https://t.co/OiLRgxiUn5 https://t.co/bk1J3zknB4,19,0.0,1.0,0.0,0.0
19,BBC News (UK),Fri Jul 27 13:10:28 +0000 2018,Malcolm Turnbull: Why Australians are up in arms about 'pie-gate' https://t.co/ttME3YLNoN,20,0.0,1.0,0.0,0.0
20,BBC News (UK),Fri Jul 27 12:55:44 +0000 2018,"Football legend ‚úîÔ∏è
Top BBC presenter ‚úîÔ∏è
Political pundit ‚ùì 

Gary Lineker's #Brexit tweet has caused a stir‚Ä¶ https://t.co/w3iFCYgpjE",21,0.2023,0.899,0.0,0.101
21,BBC News (UK),Fri Jul 27 12:48:59 +0000 2018,Facebook: Explaining the company's massive share slump https://t.co/AYOR9WQAYu,22,0.296,0.761,0.0,0.239
22,BBC News (UK),Fri Jul 27 12:41:17 +0000 2018,How the handmaid became an international protest symbol https://t.co/zpxmoQuocp,23,-0.25,0.8,0.2,0.0
23,BBC News (UK),Fri Jul 27 11:12:22 +0000 2018,Peter Ball abuse inquiry: Prince Charles 'misled' by bishop https://t.co/wq5iQ4zDvE,24,-0.6369,0.682,0.318,0.0
24,BBC News (UK),Fri Jul 27 11:09:39 +0000 2018,Climate change made heatwave 'twice as likely' https://t.co/tggs2BHlGK,25,0.0,1.0,0.0,0.0
25,BBC News (UK),Fri Jul 27 10:52:11 +0000 2018,"Boy, six, dies after incident at house in Sproatley https://t.co/tDK7PoyRvd",26,0.0,1.0,0.0,0.0
26,BBC News (UK),Fri Jul 27 10:43:09 +0000 2018,"RT @BBCSport: The dress code at Lord's was temporarily relaxed because of #HeatwaveUK

And people responded brilliantly on social media üòÇ‚Ä¶",27,0.802,0.725,0.0,0.275
27,BBC News (UK),Fri Jul 27 10:42:17 +0000 2018,Hungarian Grand Prix: Red Bull's Daniel Ricciardo leads way in first practice https://t.co/EFEs3AKyeE,28,0.4588,0.8,0.0,0.2
28,BBC News (UK),Fri Jul 27 10:02:47 +0000 2018,"RT @BBC_HaveYourSay: How were you affected by the 2008 bank crash? 
What direction did your life take? üß≠

Get in touch: 
üì±via WhatsApp: +44‚Ä¶",29,-0.5661,0.818,0.182,0.0
29,BBC News (UK),Fri Jul 27 09:53:59 +0000 2018,"Happy #NorfolkDay! 

Never been? See what you're missing with this bird's eye tour https://t.co/zbqyXHShsg",30,0.4199,0.66,0.121,0.219
30,BBC News (UK),Fri Jul 27 09:50:44 +0000 2018,Sir Anthony Hopkins opens up on alcohol battle https://t.co/D9Knuy6nEy,31,-0.3818,0.755,0.245,0.0
31,BBC News (UK),Fri Jul 27 09:45:50 +0000 2018,Ella Mai is the first Brit to top the US R&amp;B chart since 1992 https://t.co/0t37F4xBVb,32,0.2023,0.886,0.0,0.114
32,BBC News (UK),Fri Jul 27 09:22:15 +0000 2018,"RT @bbcweather: Close to 50,000 flashes of #lightning in the UK and North Sea since midnight.
Once the current batch of storms in NE Eng ea‚Ä¶",33,0.0,1.0,0.0,0.0
33,BBC News (UK),Fri Jul 27 09:22:05 +0000 2018,Indian woman held for leaving dead infant aboard plane https://t.co/hO6ZlGjBwD,34,-0.6369,0.597,0.321,0.082
34,BBC News (UK),Fri Jul 27 08:47:55 +0000 2018,"RT @VictoriaLIVE: 'No amount of apologies will bring her back' - the husband of a pregnant women who died of sepsis.

Bhooshan Saidha, whos‚Ä¶",35,-0.7003,0.775,0.225,0.0
35,BBC News (UK),Fri Jul 27 08:31:18 +0000 2018,Isle of Wight bereaved dad finds 'good luck' pendant https://t.co/kkA4vvHRuq,36,0.4215,0.438,0.194,0.369
36,BBC News (UK),Fri Jul 27 07:39:40 +0000 2018,"RT @BBCSport: ‚ÄúI'm going to miss you and your amazing energy.‚Äù

Athletes have been paying tribute to snowboarder Ellie Soutter, who died on‚Ä¶",37,-0.1027,0.69,0.179,0.131
37,BBC News (UK),Fri Jul 27 07:23:19 +0000 2018,Radio 1 pulls Logan Paul interview https://t.co/7H9k2tgNWB,38,0.0,1.0,0.0,0.0
38,BBC News (UK),Fri Jul 27 07:01:19 +0000 2018,Cardi B: 'I underestimated this whole mommy thing' https://t.co/5vfDAtBqme,39,-0.2732,0.792,0.208,0.0
39,BBC News (UK),Fri Jul 27 06:58:43 +0000 2018,IT fiasco pushes TSB into a loss https://t.co/QdvzGiHIXN,40,-0.6808,0.472,0.528,0.0
40,BBC News (UK),Fri Jul 27 06:51:49 +0000 2018,"RT @BenMBland: ‚òÄÔ∏èüòé‚òÄÔ∏èüòé‚òÄÔ∏è
As the heatwave intensifies - on #BBCBizLive we want to know: how are you coping in the heat? And is it affecting y‚Ä¶",41,0.0772,0.949,0.0,0.051
41,BBC News (UK),Fri Jul 27 06:18:06 +0000 2018,"Your morning brief:
- North Korea returns US soldiers' remains 
- Theresa May on #Brexit visit to Austria
- Thunder‚Ä¶ https://t.co/H57sGWX49D",42,0.0,1.0,0.0,0.0
42,BBC News (UK),Fri Jul 27 06:15:37 +0000 2018,"RT @bbcweather: Last day of the current #heatwaveUK
Some intense thunderstorms in eastern areas (but ceratinly not for all).
Fresher air, w‚Ä¶",43,0.0772,0.942,0.0,0.058
43,BBC News (UK),Fri Jul 27 05:56:49 +0000 2018,RT @BBCBreaking: Five dead and five injured after car and minibus crash on A96 in Moray https://t.co/1jBgjqgX7P,44,-0.8658,0.591,0.409,0.0
44,BBC News (UK),Fri Jul 27 05:54:26 +0000 2018,Google executive warns of face ID bias https://t.co/PRxCva5XYa,45,-0.2023,0.682,0.318,0.0
45,BBC News (UK),Fri Jul 27 05:35:14 +0000 2018,"News Daily: N Korea returns US war remains, and May in Austria to push Brexit plan https://t.co/EiFMkIkPFJ",46,-0.5994,0.794,0.206,0.0
46,BBC News (UK),Fri Jul 27 05:03:59 +0000 2018,Michael Cohen claims Trump 'knew of Russian lawyer meeting' https://t.co/aS6flyzera,47,0.0,1.0,0.0,0.0
47,BBC News (UK),Fri Jul 27 04:27:38 +0000 2018,Lunar eclipse: Skygazers await century's longest 'blood moon' https://t.co/o8jd9b6xAd,48,0.1027,0.851,0.0,0.149
48,BBC News (UK),Fri Jul 27 03:47:30 +0000 2018,"RT @BenMBland: One UK newspaper reports on the falling number of teenagers taking holiday work. 

On #BBCTheBriefing let me know - what was‚Ä¶",49,0.34,0.772,0.065,0.163
49,BBC News (UK),Fri Jul 27 03:03:27 +0000 2018,Iran general warns Trump war would 'destroy all you possess' https://t.co/7bMxcXilfH,50,-0.8316,0.476,0.524,0.0
50,BBC News (UK),Fri Jul 27 02:58:20 +0000 2018,Private probation contracts to end early by government https://t.co/qo5FWRmFLH,51,0.0,1.0,0.0,0.0
51,BBC News (UK),Fri Jul 27 02:20:11 +0000 2018,Could Love Island hold the key to lasting happiness? https://t.co/ApKPxSzhLE,52,0.8316,0.506,0.0,0.494
52,BBC News (UK),Fri Jul 27 02:04:36 +0000 2018,North Korea returns US war remains https://t.co/xEXfR3Tfsw,53,-0.5994,0.606,0.394,0.0
53,BBC News (UK),Fri Jul 27 01:59:11 +0000 2018,Theresa May heads to Austria for Brexit talks https://t.co/G1FRHIqPFf,54,0.0,1.0,0.0,0.0
54,BBC News (UK),Fri Jul 27 01:51:23 +0000 2018,UK heatwave: Thunderstorms dampen record heat predictions https://t.co/T2SPqGZ3ZX,55,0.0,1.0,0.0,0.0
55,BBC News (UK),Fri Jul 27 00:47:36 +0000 2018,Wheelchair shortage: 'I didn't leave my house for three years' https://t.co/lCEoR06gBb,56,-0.2148,0.741,0.165,0.095
56,BBC News (UK),Fri Jul 27 00:39:32 +0000 2018,Brigitte Nielsen baby at 54 sparks debate about older mothers https://t.co/83RCJrIXQG,57,0.0,1.0,0.0,0.0
57,BBC News (UK),Fri Jul 27 00:29:10 +0000 2018,How many wildfires have there been this summer? https://t.co/iIwLJDAMgk,58,0.0,1.0,0.0,0.0
58,BBC News (UK),Fri Jul 27 00:26:35 +0000 2018,Quiz: What is 7pm the peak time for? https://t.co/blLDLYLbd5,59,0.0,1.0,0.0,0.0
59,BBC News (UK),Fri Jul 27 00:21:37 +0000 2018,Papa John's founder sues pizza chain https://t.co/gpZPq3TmGC,60,0.0,1.0,0.0,0.0
60,BBC News (UK),Fri Jul 27 00:03:47 +0000 2018,TUC: One in 12 workers miss out on legal holiday entitlement https://t.co/9RoKFMdjNQ,61,0.3818,0.608,0.108,0.284
61,BBC News (UK),Thu Jul 26 23:48:03 +0000 2018,Anne Hathaway attacks 'white privilege' after train stabbing https://t.co/c6g9RNuWje,62,-0.1027,0.565,0.234,0.202
62,BBC News (UK),Thu Jul 26 23:45:27 +0000 2018,"US child migrants: Trump administration says 1,800 reunited https://t.co/sbwy7Mfdre",63,0.0,1.0,0.0,0.0
63,BBC News (UK),Thu Jul 26 23:13:26 +0000 2018,Custody battle after Briton Michael Simpson murdered in China https://t.co/aul8iUqBdJ,64,-0.7906,0.533,0.467,0.0
64,BBC News (UK),Thu Jul 26 21:31:25 +0000 2018,"Friday's Guardian: ""Billions wiped off Facebook value as it pays price for data scandal"" (via @hendopolis)‚Ä¶ https://t.co/Fix0VL1AtT",65,-0.128,0.739,0.143,0.118
65,BBC News (UK),Thu Jul 26 21:22:38 +0000 2018,"Friday's Times: ""Antisemitic hate posts allowed by Facebook"" (via @hendopolis) #tomorrowspaperstoday https://t.co/gYphwzF4Qp",66,-0.5719,0.748,0.252,0.0
66,BBC News (UK),Thu Jul 26 21:22:32 +0000 2018,"Friday's i: ""Cannabis medicine on the NHS"" (via @hendopolis) #tomorrowspaperstoday https://t.co/hd1GADGA8E",67,0.0,1.0,0.0,0.0
67,BBC News (UK),Thu Jul 26 21:20:23 +0000 2018,"Friday's Metro: ""Wrong kind of sun"" (via @hendopolis) #tomorrowspaperstoday https://t.co/4tIdvGn1Rv",68,-0.4767,0.744,0.256,0.0
68,BBC News (UK),Thu Jul 26 21:20:17 +0000 2018,"Friday's Star: ""Fergie: Thanks to NHS angels for my extra time"" (via @hendopolis) #tomorrowspaperstoday https://t.co/zh9dUBNTss",69,0.4404,0.828,0.0,0.172
69,BBC News (UK),Thu Jul 26 21:20:11 +0000 2018,"Friday's Express: ""'Spectacular' Alzheimer‚Äôs breakthrough"" (via @hendopolis) #tomorrowspaperstoday https://t.co/0e2PvB5vGD",70,0.0,1.0,0.0,0.0
70,BBC News (UK),Thu Jul 26 21:20:04 +0000 2018,"Friday's Independent: ""Are you listening, Ms May?"" (via @hendopolis) #tomorrowspaperstoday https://t.co/OrtrKL9rD2",71,0.0,1.0,0.0,0.0
71,BBC News (UK),Thu Jul 26 21:19:55 +0000 2018,"Friday's FT: ""Facebook sheds $120bn in value"" (via @hendopolis) #tomorrowspaperstoday https://t.co/ChgM6HCyRJ",72,0.34,0.806,0.0,0.194
72,BBC News (UK),Thu Jul 26 21:19:51 +0000 2018,"Friday's Telegraph: ""Teenagers told to get jobs for the summer"" (via @hendopolis) #tomorrowspaperstoday https://t.co/xNXvkei5VP",73,0.0,1.0,0.0,0.0
73,BBC News (UK),Thu Jul 26 21:19:45 +0000 2018,"Friday's Morning Star: ""Assaults every 20 minutes in Britain's jails"" (via @hendopolis) #tomorrowspaperstoday https://t.co/3XB8Xp0ojM",74,-0.5423,0.788,0.212,0.0
74,BBC News (UK),Thu Jul 26 21:14:12 +0000 2018,An inquiry into historical sex abuse finds no evidence of a conspiracy https://t.co/Z3hKDpEkm5,75,-0.8689,0.479,0.521,0.0
75,BBC News (UK),Thu Jul 26 21:13:24 +0000 2018,"RT @BBCSport: Full-time in tonight's Europa League qualifiers.

Aberdeen 1-1 Burnley
Hibernian 3-2 Asteras Tripolis
Osijek 0-1 Rangers

htt‚Ä¶",76,0.0,1.0,0.0,0.0
76,BBC News (UK),Thu Jul 26 20:36:12 +0000 2018,Amazon profit rises but warns sales growth could slow https://t.co/oH5HfdNkxt,77,0.6249,0.42,0.112,0.469
77,BBC News (UK),Thu Jul 26 19:44:05 +0000 2018,Greek fires: Blaze that killed 83 'caused by arson' https://t.co/naulirECGI,78,-0.6705,0.667,0.333,0.0
78,BBC News (UK),Thu Jul 26 18:37:09 +0000 2018,Snowboarder Ellie Soutter dies on 18th birthday https://t.co/Bh5n3oABX3,79,0.0,1.0,0.0,0.0
79,BBC News (UK),Thu Jul 26 18:12:06 +0000 2018,"Michel Barnier rules out allowing the UK to collect customs duties on the EU's behalf, a key UK proposal for post-‚Ä¶ https://t.co/6sNwoFEAI7",80,0.0,1.0,0.0,0.0
80,BBC News (UK),Thu Jul 26 18:09:58 +0000 2018,UK halts co-operation with US over Islamic state suspects https://t.co/WU5U2Ykta0,81,-0.34,0.789,0.211,0.0
81,BBC News (UK),Thu Jul 26 17:13:22 +0000 2018,"Remembering the remarkable Mary Ellis 

https://t.co/uKmsyMhnLD https://t.co/XFZyl1LZ0e",82,0.5574,0.625,0.0,0.375
82,BBC News (UK),Thu Jul 26 17:11:56 +0000 2018,Sir Paul McCartney rolls back the years in Cavern comeback (but no phones please) https://t.co/DSihIWrbza,83,-0.296,0.864,0.136,0.0
83,BBC News (UK),Thu Jul 26 17:09:18 +0000 2018,Vote Leave's targeted Brexit ads released by Facebook https://t.co/aibh9ZqrAb,84,0.0,1.0,0.0,0.0
84,BBC News (UK),Thu Jul 26 16:57:28 +0000 2018,Stephen Port: Officers refuse to answer watchdog's questions https://t.co/hVzY0WFK51,85,-0.296,0.784,0.216,0.0
85,BBC News (UK),Thu Jul 26 16:28:20 +0000 2018,Michel Barnier and Dominic Raab aim for October Brexit deal https://t.co/k8gsPO7FIS,86,0.0,1.0,0.0,0.0
86,BBC News (UK),Thu Jul 26 16:01:08 +0000 2018,"""Michel, we've got work to do"" - #Brexit Secretary Dominic Raab gives update on negotiations https://t.co/WS0VgKEqfz https://t.co/uL0Ft22hrB",87,0.0,1.0,0.0,0.0
87,BBC News (UK),Thu Jul 26 15:56:14 +0000 2018,"RT @BBCSport: ""I hope England know what they're doing to Adil, and the county game.""

Adil Rashid has been included in England's Test squad‚Ä¶",88,0.4404,0.888,0.0,0.112
88,BBC News (UK),Thu Jul 26 15:50:43 +0000 2018,Einstein theory passes black hole test https://t.co/4ujeKWXCSo,89,0.0,1.0,0.0,0.0
89,BBC News (UK),Thu Jul 26 15:50:04 +0000 2018,"RT @BBCNormanS: EU negotiator @MichelBarnier
rules out allowing the UK to collect EU tariffs as set out in PM's Chequers plan",90,0.0,1.0,0.0,0.0
90,BBC News (UK),Thu Jul 26 15:48:33 +0000 2018,"UK &amp; EU ""both want an ambitious free-trade agreement"" - EU chief #Brexit negotiator Michel Barnier‚Ä¶ https://t.co/TBaFm2WjxG",91,0.765,0.631,0.0,0.369
91,BBC News (UK),Thu Jul 26 15:47:48 +0000 2018,The speedboat seducer who made a fatal error https://t.co/bxpFN5sfMe,92,-0.7351,0.492,0.508,0.0
92,BBC News (UK),Thu Jul 26 15:40:08 +0000 2018,Facebook shares slump 20% after growth warning https://t.co/eOIuwjqC07,93,0.34,0.41,0.197,0.393
93,BBC News (UK),Thu Jul 26 15:06:10 +0000 2018,Egypt zoo accused of painting donkey to look like a zebra https://t.co/Wp2oy00Jcj,94,0.0772,0.657,0.161,0.182
94,BBC News (UK),Thu Jul 26 15:03:23 +0000 2018,"The exact location of the river where the nugget was found is being kept under wraps - sorry

https://t.co/PbjzWn6EmJ",95,-0.0772,0.929,0.071,0.0
95,BBC News (UK),Thu Jul 26 15:01:26 +0000 2018,Charlotte Brown: Man guilty of first date speedboat death https://t.co/alx5QZ6jD9,96,-0.7717,0.544,0.456,0.0
96,BBC News (UK),Thu Jul 26 14:58:45 +0000 2018,Imran Khan: Can former cricket star change Pakistan? https://t.co/PXlKPhPjqR,97,0.0,1.0,0.0,0.0
97,BBC News (UK),Thu Jul 26 14:54:47 +0000 2018,RT @BBCSport: Sir Alex Ferguson has a message he would like to share. https://t.co/uKsOeEYEAT,98,0.5719,0.701,0.0,0.299
98,BBC News (UK),Thu Jul 26 14:47:52 +0000 2018,RT @bbcweather: It is officially the hottest day of the year so far in the UK with temperatures soaring to 35C in west London. https://t.co‚Ä¶,99,0.0,1.0,0.0,0.0
99,BBC News (UK),Thu Jul 26 14:42:04 +0000 2018,RT @bbcweather: The Met Office has a Yellow Warning for thunderstorms in force this afternoon for eastern parts of England and the East Mid‚Ä¶,100,-0.34,0.902,0.098,0.0
100,CBS News,Thu Jul 26 14:29:33 +0000 2018,"Youtube has reportedly pulled down four videos posted by Infowars, the ultra right-wing site run by Alex Jones‚Ä¶ https://t.co/syZ6QKLYgU",1,0.0,1.0,0.0,0.0
101,CBS News,Thu Jul 26 14:14:48 +0000 2018,Details emerge about what happened before and after Demi Lovato's apparent overdose https://t.co/g9ZaZVvei8 https://t.co/Y8BIJjxwMR,2,0.0,1.0,0.0,0.0
102,CBS News,Thu Jul 26 14:00:34 +0000 2018,"Someone untied a $40 million yacht owned by the family of Betsy DeVos, causing up to $10,000 in damages‚Ä¶ https://t.co/IU2eZbKwgw",3,0.0,1.0,0.0,0.0
103,CBS News,Thu Jul 26 13:47:17 +0000 2018,Here's why Facebook shares are sinking like a stone after the social media giant's latest earnings report:‚Ä¶ https://t.co/DT5zbqKsP6,4,0.5719,0.761,0.0,0.239
104,CBS News,Thu Jul 26 13:29:49 +0000 2018,"An unidentified body was found Wednesday in the waters off a Trump golf resort in New York City, the NYPD says:‚Ä¶ https://t.co/9Y2kXQBxD2",5,0.0,1.0,0.0,0.0
105,CBS News,Thu Jul 26 13:15:23 +0000 2018,WATCH: A Texas man sits on top of a police cruiser as it speeds down a highway. He tried to resist arrest by kickin‚Ä¶ https://t.co/2DHzZuohEI,6,-0.1531,0.826,0.099,0.074
106,CBS News,Thu Jul 26 12:59:34 +0000 2018,Here's how the talented dog in the viral #InMyFeelings Challenge video learned her impressive tricks‚Ä¶ https://t.co/IslMwyTMDb,7,0.7845,0.622,0.0,0.378
107,CBS News,Thu Jul 26 12:39:49 +0000 2018,The remains of a 26-year-old securities analyst who worked at the World Trade Center on 9/11 have been identified n‚Ä¶ https://t.co/fCNjMlCTkM,8,0.296,0.896,0.0,0.104
108,CBS News,Thu Jul 26 12:19:40 +0000 2018,"The U.S. is the most dangerous"" place to give birth in the developed world, @USATODAY investigation finds‚Ä¶ https://t.co/0BxxwsylMP",9,-0.5256,0.834,0.166,0.0
109,CBS News,Thu Jul 26 12:00:02 +0000 2018,Commentary: GOP governors may be the bright spot for party in November https://t.co/2zXGECi9wi https://t.co/tpJWDBKymX,10,0.6808,0.682,0.0,0.318
110,CBS News,Thu Jul 26 11:40:11 +0000 2018,"HISTORIC FLOODING: Aerial footage shows an eerie view of Hershey Park, shut down and underwater after massive flood‚Ä¶ https://t.co/i3IftRmQpC",11,-0.3612,0.878,0.122,0.0
111,CBS News,Thu Jul 26 11:19:52 +0000 2018,Authorities order closer monitoring of hydroelectric facilities as they probe why a dam in Laos collapsed earlier t‚Ä¶ https://t.co/2VxcU0zJ6Q,12,-0.2732,0.89,0.11,0.0
112,CBS News,Thu Jul 26 11:00:01 +0000 2018,"""This is a watershed moment"": How Brett Kavanaugh could shape the coming moment for digital privacy‚Ä¶ https://t.co/vJLe105jD2",13,0.0,1.0,0.0,0.0
113,CBS News,Thu Jul 26 10:59:45 +0000 2018,RT @CBSThisMorning: Here's what we're working on this morning: https://t.co/RTLaszKnWB,14,0.0,1.0,0.0,0.0
114,CBS News,Thu Jul 26 10:40:01 +0000 2018,"Man injured in small bomb blast outside the U.S. Embassy in Beijing, police say https://t.co/J6Hauc43vI https://t.co/pHL6VzrUCS",15,-0.7096,0.704,0.296,0.0
115,CBS News,Thu Jul 26 10:31:17 +0000 2018,"RT @CBSThisMorning: THIS MORNING: 
üîú@nxthompson discusses Facebook's financial blow
üîú@USAToday's @alisonannyoung  on new investigation into‚Ä¶",16,0.0,1.0,0.0,0.0
116,CBS News,Thu Jul 26 10:29:37 +0000 2018,"A new @USATODAY investigation finds the U.S. is the ""most dangerous place to give birth in the developed world."" In‚Ä¶ https://t.co/24HCve4nKQ",17,-0.5256,0.848,0.152,0.0
117,CBS News,Thu Jul 26 10:20:23 +0000 2018,"Qualcomm says it it dropping its $44 billion deal to buy Dutch chipmaker NXP Semiconductors, a high-profile victim‚Ä¶ https://t.co/ILr7KivKzW",18,0.0,1.0,0.0,0.0
118,CBS News,Thu Jul 26 10:10:19 +0000 2018,U.S. second-quarter GDP growth expected to top 4% https://t.co/SU0jYYiVbf https://t.co/Ggt3JX0AwX,19,0.5267,0.645,0.0,0.355
119,CBS News,Thu Jul 26 10:03:03 +0000 2018,"Hillary Clinton, Madeleine Albright and Colin Powell to appear on ‚ÄúMadam Secretary‚Äù https://t.co/xIP4psR8cd https://t.co/lXnkcaDxvY",20,0.0,1.0,0.0,0.0
120,CBS News,Thu Jul 26 09:54:05 +0000 2018,Cricket star Imran Khan takes early lead in Pakistan elections https://t.co/DpkRfC9vnq https://t.co/6rrx4KgjjI,21,0.0,1.0,0.0,0.0
121,CBS News,Thu Jul 26 09:48:04 +0000 2018,Video shows cop alerting man in path of oncoming train at last second https://t.co/EMyWhNlY21 https://t.co/T8lOlxgzFL,22,0.0,1.0,0.0,0.0
122,CBS News,Thu Jul 26 09:40:07 +0000 2018,China trade war casualty: Qualcomm nixes $44B bid to buy rival NXP Semiconductors https://t.co/7LFlUpNhyU https://t.co/W2wF86s3WP,23,-0.8074,0.64,0.36,0.0
123,CBS News,Thu Jul 26 09:33:04 +0000 2018,"Major U.S. airlines bow to China's ""Orwellian"" demands on Taiwan recognition https://t.co/hv7CugeDJ4 https://t.co/GFkhqqtLzk",24,0.0,1.0,0.0,0.0
124,CBS News,Thu Jul 26 09:18:05 +0000 2018,"Oregon student disciplined for ""Trump Border Wall"" T-shirt to get $25,000 https://t.co/ZXQPkJVw2l https://t.co/jGoFBFRKfi",25,0.0,1.0,0.0,0.0
125,CBS News,Thu Jul 26 09:03:04 +0000 2018,"Palestinians: White House Mideast peace plan ""dead upon arrival"" https://t.co/qmtR4TiomR https://t.co/rWrrJRiDBr",26,-0.2023,0.536,0.256,0.208
126,CBS News,Thu Jul 26 08:48:03 +0000 2018,Brazilian student gunned down in latest wave of violence in Nicaragua https://t.co/g6I108Vsqi https://t.co/yaVWXsMW5W,27,-0.6249,0.745,0.255,0.0
127,CBS News,Thu Jul 26 08:33:02 +0000 2018,Dangerous flooding continues in Eastern U.S. as wildfires burn out West https://t.co/uACyrlUQjF,28,-0.4767,0.78,0.22,0.0
128,CBS News,Thu Jul 26 08:18:04 +0000 2018,"Pakistan's former ambassador says Pakistan must ""get out of the business of jihad"" https://t.co/1Ku4uD8mvG https://t.co/ekeDQEumQR",29,0.0,1.0,0.0,0.0
129,CBS News,Thu Jul 26 08:03:03 +0000 2018,"White House says Trump-Putin meeting on hold until 2019 when ""Russia witch hunt is over"" https://t.co/j9F96Ahg3U https://t.co/mELsRSA5N4",30,-0.3612,0.865,0.135,0.0
130,CBS News,Thu Jul 26 07:48:03 +0000 2018,Judge allows emoluments case against Trump to proceed https://t.co/P0EVigWDqL https://t.co/1qFIW2NbVS,31,0.0,1.0,0.0,0.0
131,CBS News,Thu Jul 26 07:33:04 +0000 2018,Officer helps homeless man shave before job interview at McDonald's https://t.co/AQpo1RjeT1 https://t.co/X5JlPuBaWC,32,0.3818,0.809,0.0,0.191
132,CBS News,Thu Jul 26 07:18:03 +0000 2018,Person dies after getting bacterial infection while fishing in Gulf waters https://t.co/PqV8H7LieD https://t.co/DzVVVcfpTI,33,0.0,1.0,0.0,0.0
133,CBS News,Thu Jul 26 07:03:04 +0000 2018,Facebook shares fall as user growth slows https://t.co/aEFI993Jk8 https://t.co/iHaYmRgvGL,34,0.5859,0.593,0.0,0.407
134,CBS News,Thu Jul 26 06:48:03 +0000 2018,"One woman killed, another missing as storms deluge eastern U.S. https://t.co/9HCjDHfP2r https://t.co/THNBVtN7A8",35,-0.7717,0.599,0.401,0.0
135,CBS News,Thu Jul 26 06:40:07 +0000 2018,Explosion reported outside U.S. Embassy in Beijing https://t.co/q8kQdIC9Ai https://t.co/pvPJLjeh0Z,36,0.0,1.0,0.0,0.0
136,CBS News,Thu Jul 26 06:33:05 +0000 2018,Former Alaska Airlines pilot sentenced to year in prison for flying while drunk https://t.co/1nS5kgCaZS https://t.co/zrykY9jSvz,37,-0.7003,0.638,0.362,0.0
137,CBS News,Thu Jul 26 06:18:04 +0000 2018,Greeks describe harrowing escapes from deadly fires https://t.co/gztbYpAtq6 https://t.co/7FpkMjWCEk,38,0.128,0.842,0.0,0.158
138,CBS News,Thu Jul 26 06:03:03 +0000 2018,Alleged Mississippi wedding gifts thief tripped up by Facebook https://t.co/DDtayNhEmW https://t.co/eMhUxcp1BW,39,-0.5267,0.746,0.254,0.0
139,CBS News,Thu Jul 26 05:54:06 +0000 2018,Last 6 doomsday cult members on death row executed by Japan https://t.co/wFMkoKBf6n https://t.co/BwCubj2WaY,40,-0.8271,0.565,0.435,0.0
140,CBS News,Thu Jul 26 05:48:04 +0000 2018,"Serena Williams, drug tested more than other top players this year, cites ""discrimination"" https://t.co/SR2T13AyFL https://t.co/XQxODv6WFo",41,0.2648,0.872,0.0,0.128
141,CBS News,Thu Jul 26 05:33:03 +0000 2018,"Amb. McFaul appealing to White House after Putin's ""incredible offer"" to allow Russia to question him‚Ä¶ https://t.co/T2jBG0OrR8",42,0.2263,0.894,0.0,0.106
142,CBS News,Thu Jul 26 05:18:03 +0000 2018,"Demi Lovato was in ""downward spiral"" before apparent overdose https://t.co/YnVpgwV5uz https://t.co/dbW80T9hP4",43,0.0,1.0,0.0,0.0
143,CBS News,Thu Jul 26 05:03:04 +0000 2018,Trump's star on Hollywood Walk of Fame destroyed with pickax https://t.co/9qKLLRHJW0 https://t.co/ejr8w3fFzz,44,-0.0772,0.621,0.199,0.18
144,CBS News,Thu Jul 26 04:48:04 +0000 2018,Pennsylvania teen who fled to Mexico with 45-year-old man is missing again https://t.co/cSQrLxWj6Y https://t.co/0B5tDN4kzc,45,-0.296,0.855,0.145,0.0
145,CBS News,Thu Jul 26 04:33:04 +0000 2018,Corker grills Pompeo over Trump's private meeting with Putin https://t.co/TjV0pgZQa9 https://t.co/UAQzyqmLBN,46,0.0,1.0,0.0,0.0
146,CBS News,Thu Jul 26 04:19:52 +0000 2018,"CNN correspondent restricted from covering open White House event because officials found her earlier questions ""in‚Ä¶ https://t.co/G8C5WYSj0J",47,-0.3818,0.86,0.14,0.0
147,CBS News,Thu Jul 26 04:18:06 +0000 2018,U.S. Evangelical pastor Andrew Brunson is being released from Turkish jail and put on house arrest after being char‚Ä¶ https://t.co/fu0ZQV4DTm,48,-0.34,0.888,0.112,0.0
148,CBS News,Thu Jul 26 04:16:06 +0000 2018,How the dog behind the viral #InMyFeelings video learned her impressive tricks https://t.co/lOrYaZJ6f1 https://t.co/6xvL1U1ZwG,49,0.4215,0.714,0.089,0.196
149,CBS News,Thu Jul 26 04:10:08 +0000 2018,Body found in waters off Trump NYC golf course https://t.co/rm6xsqUHvy https://t.co/Q38YzexA3o,50,0.0,1.0,0.0,0.0
150,CBS News,Thu Jul 26 04:03:04 +0000 2018,"Secret Trump-Cohen tape: Why it's ""possible"" a crime was committed https://t.co/nzbsDp5MWl https://t.co/gg2GtHnrqn",51,-0.34,0.616,0.24,0.144
151,CBS News,Thu Jul 26 04:00:00 +0000 2018,"Larry Nassar's lawyers say he was attacked in prison, blame judge's comments during sentencing hearing‚Ä¶ https://t.co/4EGHVJC3gO",52,-0.8519,0.538,0.462,0.0
152,CBS News,Thu Jul 26 03:48:05 +0000 2018,"Oregon student disciplined for ""Trump Border Wall"" T-shirt to get $25,000 https://t.co/Bdb8H8Shs4 https://t.co/jHhXd5WIqF",53,0.0,1.0,0.0,0.0
153,CBS News,Thu Jul 26 03:33:03 +0000 2018,Judge allows emoluments case against Trump to proceed https://t.co/plKNrAyZHL https://t.co/JiIFRK5Bmc,54,0.0,1.0,0.0,0.0
154,CBS News,Thu Jul 26 03:18:05 +0000 2018,Mega Millions $522 million jackpot: Single ticket takes top prize https://t.co/2XQIWJU8kZ https://t.co/mjwK2SsYZx,55,0.6249,0.662,0.0,0.338
155,CBS News,Thu Jul 26 03:16:06 +0000 2018,Bodycam footage from Las Vegas shooting shows police believed there were multiple shooters https://t.co/Cds97bVruC https://t.co/Cg4swGaEXG,56,0.0,1.0,0.0,0.0
156,CBS News,Thu Jul 26 03:10:06 +0000 2018,CNN correspondent restricted from covering open White House event https://t.co/jlRjCYRBrx https://t.co/JiwLN0YGOr,57,-0.3818,0.794,0.206,0.0
157,CBS News,Thu Jul 26 03:03:04 +0000 2018,Person dies after getting bacterial infection while fishing in Gulf waters https://t.co/7LUohzejtx https://t.co/rNV6tkcLsS,58,0.0,1.0,0.0,0.0
158,CBS News,Thu Jul 26 03:02:05 +0000 2018,"Larry Nassar's lawyers say he was attacked in prison, blame judge https://t.co/imqUDjLEl3 https://t.co/p0WCYnkor1",59,-0.8271,0.535,0.465,0.0
159,CBS News,Thu Jul 26 02:39:37 +0000 2018,"""This is a big breakthrough"": Aggressively lowering blood pressure could reduce one's risk for dementia‚Ä¶ https://t.co/RgwMbdLj4E",60,-0.765,0.561,0.439,0.0
160,CBS News,Thu Jul 26 02:19:45 +0000 2018,Former Alaska Airlines pilot sentenced to year in prison for flying an aircraft while drunk https://t.co/mNOAkMWu33 https://t.co/cFUJIvJUNV,61,-0.7003,0.673,0.327,0.0
161,CBS News,Thu Jul 26 02:00:01 +0000 2018,President Trump refuses to answer questions about secret recording with former attorney Michael Cohen‚Ä¶ https://t.co/QnqbUqeWtG,62,0.0,1.0,0.0,0.0
162,CBS News,Thu Jul 26 01:39:50 +0000 2018,Family questions Chicago police account of black man's fatal shooting after authorities released bodycam video‚Ä¶ https://t.co/7VzNJVPF0j,63,-0.5423,0.811,0.189,0.0
163,CBS News,Thu Jul 26 01:20:13 +0000 2018,It just might be the best #InMyFeelings challenge video ever ‚Äî and it was done by a dog.  https://t.co/cGeotBKN6D https://t.co/4ERiCqbcDK,64,0.6705,0.744,0.0,0.256
164,CBS News,Thu Jul 26 01:00:37 +0000 2018,"A 21-year-old student in Sweden boarded a flight and refused to take her seat until an Afghan man, who was being de‚Ä¶ https://t.co/pXnCBoz3wS",65,-0.296,0.901,0.099,0.0
165,CBS News,Thu Jul 26 00:40:52 +0000 2018,"Mattel to cut more than 2,200 jobs after poor earnings report, says closing of retailer Toys R Us hurt business‚Ä¶ https://t.co/O8MtlOfliK",66,-0.8225,0.664,0.336,0.0
166,CBS News,Thu Jul 26 00:20:22 +0000 2018,OSTRICH ON THE LOOSE: Bird escapes its home to run wild on the bustling streets of south China‚Ä¶ https://t.co/ZPMi0OWBlD,67,-0.368,0.789,0.141,0.07
167,CBS News,Wed Jul 25 23:59:32 +0000 2018,A handful of conservative members of Congress have introduced articles of impeachment against Deputy Attorney Gener‚Ä¶ https://t.co/F13lnXeR9r,68,0.0,1.0,0.0,0.0
168,CBS News,Wed Jul 25 23:39:54 +0000 2018,"Escaped French gangster spotted in car with explosives and narrowly avoids capture, after spending weeks on the run‚Ä¶ https://t.co/FdbjCu5rES",69,-0.1779,0.914,0.086,0.0
169,CBS News,Wed Jul 25 23:20:01 +0000 2018,"Accused Russian spy had shirtless Putin photo on phone, college friends say https://t.co/jW5ByxdTNm https://t.co/WyE4pineJn",70,0.2263,0.694,0.127,0.179
170,CBS News,Wed Jul 25 23:04:58 +0000 2018,PROTECT &amp; SHAVE: A police officer helped a man shave his beard so he could apply for a job at McDonald's‚Ä¶ https://t.co/6uZUEPTgKh,71,0.516,0.844,0.0,0.156
171,CBS News,Wed Jul 25 22:57:39 +0000 2018,Approximately 9 million Americans suffer from dementia. More than half of these patients have Alzheimer's. Scientis‚Ä¶ https://t.co/KCbfgbPWIh,72,-0.5423,0.811,0.189,0.0
172,CBS News,Wed Jul 25 22:52:59 +0000 2018,Scientists found a huge lake of salty water near the south pole of Mars. It's a ground-breaking discovery in the se‚Ä¶ https://t.co/vzpR96Znz0,73,0.3182,0.892,0.0,0.108
173,CBS News,Wed Jul 25 22:46:27 +0000 2018,"After President Trump's meeting with the European Union president, both the U.S. and EU have agreed to lower indust‚Ä¶ https://t.co/I4Z1vsLWLU",74,-0.0258,0.807,0.099,0.094
174,CBS News,Wed Jul 25 22:43:51 +0000 2018,The rift is widening between President Trump and his former personal attorney Michael Cohen after Cohen released a‚Ä¶ https://t.co/0zRnHuNGz1,75,0.0,1.0,0.0,0.0
175,CBS News,Wed Jul 25 22:38:54 +0000 2018,"The heat wave in the West is fueling dozens of large fires. In California, the Ferguson fire has burned nearly 40,0‚Ä¶ https://t.co/LbflwLSCCh",76,-0.34,0.897,0.103,0.0
176,CBS News,Wed Jul 25 22:35:52 +0000 2018,"In Pennsylvania, the floods are being called historic. Some have had to escape flooded homes and cars by boat. Part‚Ä¶ https://t.co/yr9bwyYTtc",77,0.1779,0.922,0.0,0.078
177,CBS News,Wed Jul 25 22:29:28 +0000 2018,"RT @CBSEveningNews: COMING UP:
-- President Trump announces a new trade deal with Europe and says the goal is eliminating tariffs
-- How lo‚Ä¶",78,0.0,1.0,0.0,0.0
178,CBS News,Wed Jul 25 22:25:01 +0000 2018,"The attorney for Brock Turner cites ""sexual outercourse"" in ex-swimmer's appeal to toss out his conviction‚Ä¶ https://t.co/agz11fOVCw",79,0.0,1.0,0.0,0.0
179,CBS News,Wed Jul 25 22:14:34 +0000 2018,"""It's a complex problem"": Pulitzer Prize winning journalist says of the reason for the possible contamination of in‚Ä¶ https://t.co/KhvdfoLtEx",80,0.7717,0.705,0.0,0.295
180,CBS News,Wed Jul 25 22:00:01 +0000 2018,"San Francisco looks to ban the free lunch perk at tech companies, as local restaurant business leader says eateries‚Ä¶ https://t.co/lh3bqFvXSh",81,-0.0772,0.723,0.145,0.133
181,CBS News,Wed Jul 25 21:39:48 +0000 2018,"2018 Kennedy Center Honors: Cher, Reba McEntire, others will be celebrated for lifetime achievements in the arts, w‚Ä¶ https://t.co/yhNQZSAovk",82,0.7906,0.708,0.0,0.292
182,CBS News,Wed Jul 25 21:07:58 +0000 2018,"Sen. Gardner: The goal originally, I think was complete verifiable irreversible denuclearization [from N. Korea] by‚Ä¶ https://t.co/NuFX3tN60e",83,-0.2023,0.893,0.107,0.0
183,CBS News,Wed Jul 25 20:48:31 +0000 2018,"""I think it was more than appropriate that the president meet with Vladimir Putin,"" Pompeo responds to whether it w‚Ä¶ https://t.co/ZANalDoUUY",84,0.0,1.0,0.0,0.0
184,CBS News,Wed Jul 25 20:39:31 +0000 2018,WATCH NOW: Secretary of State Mike Pompeo continues to testify over Trump-Kim summit on Capitol Hill‚Ä¶ https://t.co/u5P8D67iy4,85,0.0,1.0,0.0,0.0
185,CBS News,Wed Jul 25 20:37:35 +0000 2018,"Pres. Trump says U.S. and EU have agreed to ""resolve the steel and aluminum tariff issues"" https://t.co/tsbZhCcoB2 https://t.co/XtLkdFTzH4",86,0.5719,0.773,0.0,0.227
186,CBS News,Wed Jul 25 20:33:52 +0000 2018,"""The European Union is going to start almost immediately to buy a lot of soybeans,"" Trump says, adding that's going‚Ä¶ https://t.co/n3UvKFzU4n",87,0.0,1.0,0.0,0.0
187,CBS News,Wed Jul 25 20:31:50 +0000 2018,"After meeting, Pres. Trump says U.S. and EU agreed ""to work together towards zero tariffs, zero non-tariff barriers‚Ä¶ https://t.co/c9ERHptk2o",88,0.2732,0.896,0.0,0.104
188,CBS News,Wed Jul 25 20:22:18 +0000 2018,SPECIAL REPORT: President Trump and the European Commission president hold an impromptu joint appearance after trad‚Ä¶ https://t.co/GPhnyHTMZM,89,0.5319,0.823,0.0,0.177
189,CBS News,Wed Jul 25 20:17:26 +0000 2018,"WATCH: Aerial footage shows dozens of horses participating in the 93rd annual ""pony swim"" https://t.co/Hb2MqUj1Uc https://t.co/N3vDbj2VIM",90,0.0,1.0,0.0,0.0
190,CBS News,Wed Jul 25 19:44:41 +0000 2018,"Senator Menendez: Have you seen [the translator's] notes? 

Pompeo: I have had a lot of note takers and translators‚Ä¶ https://t.co/b3mgQ7Fhry",91,0.0,1.0,0.0,0.0
191,CBS News,Wed Jul 25 19:37:00 +0000 2018,"Q: Did [Pres. Trump] tell you what happened [in the private meeting Putin]? 

Pompeo: I have had a number conversat‚Ä¶ https://t.co/525xz7qwNQ",92,0.0772,0.933,0.0,0.067
192,CBS News,Wed Jul 25 19:29:01 +0000 2018,"""We can't make progress on issues of mutual concern unless we are talking about them, Pompeo says of Putin-Trump su‚Ä¶ https://t.co/Rph1mEofn2",93,-0.3252,0.896,0.104,0.0
193,CBS News,Wed Jul 25 19:25:25 +0000 2018,"Pompeo says ""nothing has changed"" as far as the Trump administration's goals on North Korea. https://t.co/y2zrbi4E3v https://t.co/6aMfoiSmEE",94,0.0,1.0,0.0,0.0
194,CBS News,Wed Jul 25 19:22:44 +0000 2018,"""I want to show this committee that the United States does not and will not recognize the annexing of Crimea. There‚Ä¶ https://t.co/ZEJZsvji6l",95,0.4767,0.83,0.0,0.17
195,CBS News,Wed Jul 25 19:13:45 +0000 2018,WATCH NOW: Lawmakers grill Secretary of State Mike Pompeo over Trump-Putin summit https://t.co/y2zrbi4E3v https://t.co/Q4Mtqv4r4z,96,0.0,1.0,0.0,0.0
196,CBS News,Wed Jul 25 18:54:05 +0000 2018,"JUST IN: White House backtracks on meeting date with Putin, as national security adviser John Bolton says President‚Ä¶ https://t.co/MTCooJaVtg",97,0.34,0.882,0.0,0.118
197,CBS News,Wed Jul 25 18:52:29 +0000 2018,WATCH: Massive sinkhole swallows car whole https://t.co/g2Z0qyNCwC https://t.co/fBxAECL0Y8,98,0.0,1.0,0.0,0.0
198,CBS News,Wed Jul 25 18:30:00 +0000 2018,"Oregon student disciplined for wearing ""Trump Border Wall"" t-shirt to class will get $25,000 after filing a lawsuit‚Ä¶ https://t.co/vr2dpK4rwX",99,0.0,1.0,0.0,0.0
199,CBS News,Wed Jul 25 18:14:32 +0000 2018,"Arrest made in the fatal shooting of a Black Lives Matter activist, who was known for leaping through police tape a‚Ä¶ https://t.co/3TEKIifr0K",100,-0.7003,0.72,0.236,0.044
200,CNN,Wed Jul 25 18:13:03 +0000 2018,"With more than 230 obstacles spread over a single 20-mile loop, the Rat Race Dirty Weekend purports to be the large‚Ä¶ https://t.co/Mo4i01jwqO",1,-0.6969,0.767,0.233,0.0
201,CNN,Wed Jul 25 18:00:03 +0000 2018,"Who is ""our friend David"" in the Trump-Cohen tape? Meet tabloid king David Pecker: https://t.co/sWVB1MskwH https://t.co/Z2bEm9eOF8",2,0.4939,0.824,0.0,0.176
202,CNN,Wed Jul 25 17:51:23 +0000 2018,"President Trump's star on the Hollywood Walk of Fame was destroyed by a man with a pickax earlier today, according‚Ä¶ https://t.co/vHEOdQaVJv",3,-0.0772,0.736,0.139,0.126
203,CNN,Wed Jul 25 17:40:02 +0000 2018,"Walmart announces a pilot program with Waymo, the self-driving division of Google's parent company, to offer shoppe‚Ä¶ https://t.co/jRGSHl5YQd",4,0.0,1.0,0.0,0.0
204,CNN,Wed Jul 25 17:29:05 +0000 2018,The Trump administration wants to roll back the Endangered Species Act. These 10 animals might not be here today wi‚Ä¶ https://t.co/f0uYc7j8Jz,5,0.0,1.0,0.0,0.0
205,CNN,Wed Jul 25 17:18:09 +0000 2018,The US must reunite separated families by Thursday -- but over 900 probably won't be reunited‚Ä¶ https://t.co/GW20DdLdg1,6,0.0,1.0,0.0,0.0
206,CNN,Wed Jul 25 17:08:03 +0000 2018,"Nearly half of all LGBTQ employees haven't come out at work, according to a new survey
https://t.co/SJuYN70h2G",7,0.0,1.0,0.0,0.0
207,CNN,Wed Jul 25 16:57:51 +0000 2018,"Cat lovers, we found your dream vacation spot. And it happens to be in Hawaii | via @CNNtravel‚Ä¶ https://t.co/8GkTNWTbhl",8,0.6597,0.748,0.0,0.252
208,CNN,Wed Jul 25 16:42:07 +0000 2018,"GM stock is having its worst day in recent memory. Tune in to @CNNMoney's ""Markets Now"" at 12:45 p.m. ET to find ou‚Ä¶ https://t.co/RZ6AJKBEub",9,-0.6249,0.849,0.151,0.0
209,CNN,Wed Jul 25 16:33:43 +0000 2018,"The Ferrari replica famously featured in ""Ferris Bueller's Day Off"" can be yours ... for the right price‚Ä¶ https://t.co/emXpJOl8Kr",10,0.0,1.0,0.0,0.0
210,CNN,Wed Jul 25 16:25:32 +0000 2018,Chinese tariffs on US soybeans could push plummeting prices even lower. Will Trump's $12 billion stimulus to help f‚Ä¶ https://t.co/qf9pRRZDFY,11,0.128,0.786,0.096,0.118
211,CNN,Wed Jul 25 16:14:12 +0000 2018,The Trump administration was warned a policy change could strengthen MS-13. They did it anyway.‚Ä¶ https://t.co/hZUK25Keu7,12,0.0516,0.747,0.121,0.132
212,CNN,Wed Jul 25 16:03:06 +0000 2018,"Three former US secretaries of state -- Madeleine Albright, Colin Powell and Hillary Clinton -- will appear togethe‚Ä¶ https://t.co/YTBYKU2OZL",13,0.0,1.0,0.0,0.0
213,CNN,Wed Jul 25 15:50:49 +0000 2018,The White House has suspended the practice of publishing public summaries of President Trump's phone calls with wor‚Ä¶ https://t.co/bgWFn8T4jl,14,-0.4767,0.853,0.147,0.0
214,CNN,Wed Jul 25 15:40:13 +0000 2018,"RT @CNNMoney: This is as good as it gets for the economy, says economist Bricklin Dwyer. Tune in to ""Markets Now"" at 12:45 p.m. ET to hear‚Ä¶",15,0.4404,0.9,0.0,0.1
215,CNN,Wed Jul 25 15:29:16 +0000 2018,SpaceX misses the mark in its latest attempt to recover part of a rocket https://t.co/6JGTOUxQ8B https://t.co/6CuT6yAmYA,16,-0.2263,0.881,0.119,0.0
216,CNN,Wed Jul 25 15:21:31 +0000 2018,Trump-backed candidates are crushing it in GOP primaries | Analysis by @ForecasterEnten https://t.co/cAkaQh4oIf https://t.co/pyncCTUOAp,17,-0.3612,0.828,0.172,0.0
217,CNN,Wed Jul 25 15:09:37 +0000 2018,"After years of research, scientists have confirmed that liquid water exists on Mars. This could allow humans to fur‚Ä¶ https://t.co/xAWBZCovuh",18,0.2263,0.909,0.0,0.091
218,CNN,Wed Jul 25 14:57:18 +0000 2018,"First lady Melania Trump will watch ‚Äúany channel she wants,‚Äù her spokeswoman says. She was responding to a New York‚Ä¶ https://t.co/MHervfU7ch",19,0.0,1.0,0.0,0.0
219,CNN,Wed Jul 25 14:40:48 +0000 2018,A Japanese politician has come under fire for questioning whether LGBT taxpayers should receive equal welfare benef‚Ä¶ https://t.co/5nTG0V3gVR,20,-0.4215,0.798,0.202,0.0
220,CNN,Wed Jul 25 14:32:31 +0000 2018,"President Trump assures farmers that he has their back, as some begin to feel the effects of the escalating trade w‚Ä¶ https://t.co/LAyx7Weyd4",21,0.3182,0.901,0.0,0.099
221,CNN,Wed Jul 25 14:20:12 +0000 2018,"A lake of liquid water has been detected by radar beneath the southern polar ice cap of Mars, according to a new st‚Ä¶ https://t.co/3C86nhlY61",22,0.0,1.0,0.0,0.0
222,CNN,Wed Jul 25 14:10:12 +0000 2018,The trade war is starting to hurt American automakers https://t.co/lTwtY6hszp https://t.co/uebLPG6TLP,23,-0.8074,0.552,0.448,0.0
223,CNN,Wed Jul 25 14:00:09 +0000 2018,"Jason Spencer, the Georgia state lawmaker who pulled down his pants and repeatedly used the ""n-word"" on an episode‚Ä¶ https://t.co/mOxu8TB1IJ",24,0.0,1.0,0.0,0.0
224,CNN,Wed Jul 25 13:50:52 +0000 2018,"A winning Mega Millions lottery ticket was sold in San Jose, California. The jackpot was up to a whopping $522 mill‚Ä¶ https://t.co/LbR8ydlF9d",25,0.5267,0.848,0.0,0.152
225,CNN,Wed Jul 25 13:38:47 +0000 2018,"This is Japan's art island, where the museums were custom-built to exhibit famous works https://t.co/sjvAj0BSK3 https://t.co/TcBvIVplLx",26,0.0,1.0,0.0,0.0
226,CNN,Wed Jul 25 13:35:46 +0000 2018,Fans express support for Demi Lovato with #HowDemiHasHelpedMe https://t.co/ufTUEWcgRF https://t.co/dp5JuVDUJm,27,0.4019,0.769,0.0,0.231
227,CNN,Wed Jul 25 13:19:26 +0000 2018,"Former President Jimmy Carter says the United States has ""lost its place"" as a global leader in human rights‚Ä¶ https://t.co/gMH9zlvJt1",28,0.128,0.769,0.104,0.127
228,CNN,Wed Jul 25 13:03:03 +0000 2018,‚ÄúWhat kind of a lawyer would tape a client? So sad!‚Äú: President Trump responds to the Michael Cohen tape after CNN‚Ä¶ https://t.co/d2hePN7uFz,29,0.0,1.0,0.0,0.0
229,CNN,Wed Jul 25 12:50:59 +0000 2018,Some of the most iconic areas of Yosemite National Park will be closed today because of a nearby deadly fire‚Ä¶ https://t.co/HLXuQSo3x8,30,0.0,1.0,0.0,0.0
230,CNN,Wed Jul 25 12:40:12 +0000 2018,A Japanese politician has come under fire for questioning whether LGBT taxpayers should receive equal welfare benef‚Ä¶ https://t.co/fuKcLGH3iw,31,-0.4215,0.798,0.202,0.0
231,CNN,Wed Jul 25 12:30:04 +0000 2018,"A suicide bombing at a vegetable market in the southern Syrian city of As-Suwayda killed at least 38 people, state-‚Ä¶ https://t.co/yk4hpEwGc0",32,-0.875,0.654,0.346,0.0
232,CNN,Wed Jul 25 12:20:11 +0000 2018,"5 things for Wednesday:

- President Trump and Michael Cohen
- Farm aid package
- Pakistan election
- Flood dangers‚Ä¶ https://t.co/who28MnM1n",33,0.0,1.0,0.0,0.0
233,CNN,Wed Jul 25 12:10:06 +0000 2018,"Federal aid for farmers is nothing new, but Trump's bailout is https://t.co/ohFVOndbLf https://t.co/nwV3vTtZIG",34,-0.1531,0.882,0.118,0.0
234,CNN,Wed Jul 25 12:00:02 +0000 2018,"Facebook's got a new way to keep you engaged. It's called Watch Party, and it lets people in Facebook groups watch‚Ä¶ https://t.co/ES4Go6603c",35,0.6597,0.779,0.0,0.221
235,CNN,Wed Jul 25 11:55:10 +0000 2018,The trade war is starting to hurt American automakers https://t.co/f5bokwH3ad https://t.co/7wjY4ZbSAw,36,-0.8074,0.552,0.448,0.0
236,CNN,Wed Jul 25 11:46:58 +0000 2018,"Today's business headlines with @ChristineRomans before the opening bell:

- Big corporate profits boost stocks

-‚Ä¶ https://t.co/3OxwV4Vh3d",37,0.6808,0.714,0.0,0.286
237,CNN,Wed Jul 25 11:33:55 +0000 2018,"China has demanded that American Airlines, Delta and United all change how their websites refer to Taiwan, or poten‚Ä¶ https://t.co/wzuW6HqWnQ",38,0.2263,0.793,0.084,0.123
238,CNN,Wed Jul 25 11:20:56 +0000 2018,This Swedish student stopped an Afghan asylum seeker from being deported by refusing to sit down on a plane‚Ä¶ https://t.co/9v435hS48e,39,-0.5574,0.787,0.213,0.0
239,CNN,Wed Jul 25 11:11:28 +0000 2018,"In exclusive audio, Trump discusses with then-lawyer Michael Cohen how they would buy the rights to a Playboy model‚Ä¶ https://t.co/TWtCt5l4OV",40,0.128,0.923,0.0,0.077
240,CNN,Wed Jul 25 10:58:05 +0000 2018,"Facebook is planning to set up ""an innovation hub"" in China https://t.co/PtqsUA0UEA",41,0.3818,0.809,0.0,0.191
241,CNN,Wed Jul 25 10:40:07 +0000 2018,"Auto legend Sergio Marchionne, the charismatic executive who turned Fiat and Chrysler around before combining the a‚Ä¶ https://t.co/2bfqFGRg6v",42,0.0,1.0,0.0,0.0
242,CNN,Wed Jul 25 10:34:01 +0000 2018,"Jason Spencer, the Georgia state lawmaker who pulled down his pants and repeatedly used the ""n-word"" on an episode‚Ä¶ https://t.co/EnusZDnmFd",43,0.0,1.0,0.0,0.0
243,CNN,Wed Jul 25 10:31:05 +0000 2018,"Former US President Jimmy Carter says the United States has ""lost its place"" as a global leader in human rights‚Ä¶ https://t.co/CpDpSAtH2E",44,0.128,0.779,0.1,0.121
244,CNN,Wed Jul 25 10:23:42 +0000 2018,"They say they were shackled and strip-searched. Forced to wear prison uniforms. Confined to cells ""for 22 hours per‚Ä¶ https://t.co/8WkC3V9Nc0",45,-0.743,0.741,0.259,0.0
245,CNN,Wed Jul 25 10:16:09 +0000 2018,"A winning Mega Millions lottery ticket was sold in San Jose, California, according to a tweet on the state lottery'‚Ä¶ https://t.co/ArjlBZXNma",46,0.5267,0.841,0.0,0.159
246,CNN,Wed Jul 25 10:13:25 +0000 2018,Facebook claims it's trying to prevent massive election interference like it saw in 2016. But the company won't say‚Ä¶ https://t.co/fJV7tCU1zg,47,0.3818,0.833,0.0,0.167
247,CNN,Wed Jul 25 10:05:53 +0000 2018,"The FEMA chief says his agency did a ""phenomenal job"" in Puerto Rico https://t.co/QyhCsf0mIr",48,0.0,1.0,0.0,0.0
248,CNN,Wed Jul 25 09:53:21 +0000 2018,Popular e-cigarette brand Juul is under investigation for targeting minors https://t.co/Vf8mQSf3JP https://t.co/qbUbPVv46z,49,0.4215,0.797,0.0,0.203
249,CNN,Wed Jul 25 09:46:02 +0000 2018,Some of the most iconic areas of Yosemite National Park are closed today because of a deadly wildfire‚Ä¶ https://t.co/Oyq2YgCL9U,50,0.0,1.0,0.0,0.0
250,CNN,Wed Jul 25 09:34:13 +0000 2018,RT @cnni: A bomb attack has left at least 31 people dead as Pakistanis vote amid heavy security in fiercely contested general elections htt‚Ä¶,51,-0.8481,0.594,0.331,0.075
251,CNN,Wed Jul 25 09:33:40 +0000 2018,The Trump administration is trying to cripple California's ability to clean its air and fight climate change |‚Ä¶ https://t.co/SoqpI534FK,52,0.34,0.678,0.11,0.212
252,CNN,Wed Jul 25 09:21:24 +0000 2018,"Among scourges like malaria, diabetes and cancer, AIDS is the only major epidemic that could be ended ""in our lifet‚Ä¶ https://t.co/LKWEvLskj8",53,-0.4404,0.734,0.17,0.097
253,CNN,Wed Jul 25 09:09:41 +0000 2018,"Florida's ""stand your ground"" law is ""a license to kill black people,"" attorney says https://t.co/5ii5QPi8er https://t.co/HcUUSW49m0",54,-0.6908,0.761,0.239,0.0
254,CNN,Wed Jul 25 08:57:56 +0000 2018,"Houses washed away, potentially entire villages submerged. More than 10,000 people have been affected by a catastro‚Ä¶ https://t.co/z6e1s3iNQf",55,-0.1531,0.909,0.091,0.0
255,CNN,Wed Jul 25 08:46:34 +0000 2018,"The Trump administration wants to gut the Endangered Species Act, drastically reducing the role scientists will hav‚Ä¶ https://t.co/nMnc4gmPVB",56,0.0,1.0,0.0,0.0
256,CNN,Wed Jul 25 08:35:04 +0000 2018,"A Japanese politician called LGBT couples ""unproductive"" and questioned whether they should receive equal welfare b‚Ä¶ https://t.co/qbCaoqopHA",57,-0.1027,0.915,0.085,0.0
257,CNN,Wed Jul 25 08:23:49 +0000 2018,"A company in New Zealand tested out four-day work weeks. The experiment was so successful, now it wants to make it‚Ä¶ https://t.co/cy70hc3pfL",58,0.7065,0.804,0.0,0.196
258,CNN,Wed Jul 25 08:17:09 +0000 2018,"RT @cnni: After a spate of murders in Uganda, feminist DJs in the capital Kampala are working to create safe spaces https://t.co/ty993QWz1U‚Ä¶",59,0.0,0.667,0.148,0.185
259,CNN,Wed Jul 25 07:54:06 +0000 2018,"Even though it's still blocked by the so-called Great Firewall, Facebook is planning to set up ""an innovation hub""‚Ä¶ https://t.co/KrB0Oy7dUn",60,0.6808,0.659,0.081,0.26
260,CNN,Wed Jul 25 07:48:02 +0000 2018,"China has demanded that American Airlines, Delta and United all change how their websites refer to Taiwan, or poten‚Ä¶ https://t.co/VcXRVJ2Y6T",61,0.2263,0.793,0.084,0.123
261,CNN,Wed Jul 25 07:25:33 +0000 2018,Dutch researchers stopped a clinical trial of Viagra on pregnant women after 11 babies died from a lung disease. Th‚Ä¶ https://t.co/FqI4ZXIsRJ,62,-0.6705,0.756,0.244,0.0
262,CNN,Wed Jul 25 06:38:04 +0000 2018,The bullet that killed a Trader Joe's assistant manager was fired by police. This is why the suspect is the one fac‚Ä¶ https://t.co/alQJtEQbbC,63,-0.8834,0.648,0.352,0.0
263,CNN,Wed Jul 25 06:31:00 +0000 2018,"A tale of two Virginia districts explains why the geographic, demographic and cultural chasm between the parties in‚Ä¶ https://t.co/9twGQy4f7U",64,0.4019,0.863,0.0,0.137
264,CNN,Wed Jul 25 06:28:03 +0000 2018,"Jason Spencer, a Georgia state lawmaker who dropped his trousers and repeatedly used the ""n-word"" on an episode of‚Ä¶ https://t.co/kLdcK1h1xW",65,0.0,1.0,0.0,0.0
265,CNN,Wed Jul 25 06:20:11 +0000 2018,"Facebook says it is trying to prevent massive election interference like it saw in 2016, but won't say if it has se‚Ä¶ https://t.co/eg2SdvFsdr",66,0.2023,0.882,0.0,0.118
266,CNN,Wed Jul 25 06:16:00 +0000 2018,The ‚ÄúFerris Bueller‚Äù Ferrari is up for auction and can be yours for the right price https://t.co/HU9pn137Sl https://t.co/x4vHpAtEtw,67,0.0,1.0,0.0,0.0
267,CNN,Wed Jul 25 06:12:05 +0000 2018,"Singer Demi Lovato is awake and with her family after being hospitalized on Tuesday.

A source close to Lovato's fa‚Ä¶ https://t.co/5jKBorHB56",68,0.0,1.0,0.0,0.0
268,CNN,Wed Jul 25 06:09:05 +0000 2018,"Gun control activist Lucy McBath, whose son was shot and killed in 2012, will win the Democratic nomination in Geor‚Ä¶ https://t.co/PVGVHjsEwe",69,-0.4767,0.627,0.24,0.132
269,CNN,Wed Jul 25 06:01:02 +0000 2018,"""Nobody needs to die of AIDS anymore,"" Elton John says.

He took to the stage with Prince Harry at a conference in‚Ä¶ https://t.co/Pcgmb2QWWz",70,-0.5994,0.843,0.157,0.0
270,CNN,Wed Jul 25 05:53:03 +0000 2018,The White House has suspended the practice of publishing public summaries of President Trump's phone calls with wor‚Ä¶ https://t.co/UOzJNhNQUs,71,-0.4767,0.853,0.147,0.0
271,CNN,Wed Jul 25 05:47:03 +0000 2018,Stormy Daniels' lawyer Michael Avenatti requested a meeting last week with Michael Cohen -- Donald Trump's former p‚Ä¶ https://t.co/HHA5yW8u5E,72,0.0,1.0,0.0,0.0
272,CNN,Wed Jul 25 05:46:00 +0000 2018,This Florida police officer helped a homeless man shave to help him land a job at a restaurant‚Ä¶ https://t.co/3GHPFc20U3,73,0.4019,0.847,0.0,0.153
273,CNN,Wed Jul 25 05:42:04 +0000 2018,"""It's a Band-Aid on a broken leg"": Farmers say Trump's aid package isn't enough https://t.co/qihtjUfzMi https://t.co/YCA0HxkACl",74,-0.4767,0.807,0.193,0.0
274,CNN,Wed Jul 25 05:34:07 +0000 2018,Dutch researchers stopped a clinical trial of Viagra on pregnant women after 11 babies died from a lung disease. Th‚Ä¶ https://t.co/j7CH6RQx2v,75,-0.6705,0.756,0.244,0.0
275,CNN,Wed Jul 25 05:31:04 +0000 2018,"When construction changed a blind man's route, this bus driver helped the passenger cross the street‚Ä¶ https://t.co/wxia1mxAUZ",76,-0.4019,0.847,0.153,0.0
276,CNN,Wed Jul 25 05:28:04 +0000 2018,The Russian Ministry of Defense slams a US general and accuses him of discrediting President Trump‚Ä¶ https://t.co/c5TjA13Zm5,77,-0.2263,0.782,0.134,0.084
277,CNN,Wed Jul 25 05:21:03 +0000 2018,The mayor of a Seattle suburb was attacked at a party this weekend because of his pro-immigrant stance -- an incide‚Ä¶ https://t.co/XuQqw9UR9j,78,-0.0772,0.759,0.127,0.114
278,CNN,Wed Jul 25 05:16:00 +0000 2018,A $40 million facility billed as the world's largest vertical farm is coming to Dubai https://t.co/fF65Fqg8sF  via‚Ä¶ https://t.co/JDzn74CPwQ,79,0.0,1.0,0.0,0.0
279,CNN,Wed Jul 25 05:14:05 +0000 2018,Ivanka Trump has decided to shut down her fashion company https://t.co/l6YdATj697 https://t.co/rH53w7TjmT,80,0.0,1.0,0.0,0.0
280,CNN,Wed Jul 25 05:12:02 +0000 2018,A Florida police officer was filmed helping a homeless man to shave to help him land a job https://t.co/pvYtZsulOM https://t.co/PUkHhdHbjW,81,0.5994,0.754,0.0,0.246
281,CNN,Wed Jul 25 05:10:52 +0000 2018,At least one winning ticket was sold in the $522 million Mega Millions lottery. California‚Äôs state lottery verified‚Ä¶ https://t.co/FJuIH8gxyK,82,0.5267,0.841,0.0,0.159
282,CNN,Wed Jul 25 05:04:05 +0000 2018,"Trump set out to deregulate the environment on a scale unseen in years, delighting companies eager to tap Alaska's‚Ä¶ https://t.co/VIkv8Z0Jy7",83,0.6249,0.769,0.0,0.231
283,CNN,Wed Jul 25 05:01:07 +0000 2018,A new study supports what most dog owners already know: Your pup rushes to your side faster than usual if he or she‚Ä¶ https://t.co/Bwl9TNT0TS,84,0.3612,0.898,0.0,0.102
284,CNN,Wed Jul 25 04:57:37 +0000 2018,"Jason Spencer, a Georgia state lawmaker who dropped his trousers and repeatedly used the ""n-word"" on an episode of‚Ä¶ https://t.co/QQtxspdEPn",85,0.0,1.0,0.0,0.0
285,CNN,Wed Jul 25 04:46:00 +0000 2018,"With more than 230 obstacles spread over a single 20-mile loop, the Rat Race Dirty Weekend purports to be the large‚Ä¶ https://t.co/nFSEopChI7",86,-0.6969,0.767,0.233,0.0
286,CNN,Wed Jul 25 04:37:06 +0000 2018,"Two moms were scolded for breastfeeding at a pool last week. But days later, more than a dozen others joined them t‚Ä¶ https://t.co/BkFP6cii0A",87,0.0,1.0,0.0,0.0
287,CNN,Wed Jul 25 04:31:00 +0000 2018,"With an estimated net worth of $550 million and a beauty company valued at upwards of $1 billion, cosmetics mogul H‚Ä¶ https://t.co/MLsZZkC5Cm",88,0.8225,0.677,0.0,0.323
288,CNN,Wed Jul 25 04:21:46 +0000 2018,Presidential candidate Donald Trump is heard on tape discussing with his then-lawyer Michael Cohen how they would b‚Ä¶ https://t.co/SoHmfrSCOs,89,0.0,1.0,0.0,0.0
289,CNN,Wed Jul 25 04:16:00 +0000 2018,"""A huge statue of Jeff Goldblum is not something you see in London every day."" A 25-foot, 330-pound statue of Goldb‚Ä¶ https://t.co/Jp0Ceb60LW",90,0.3182,0.897,0.0,0.103
290,CNN,Wed Jul 25 04:10:07 +0000 2018,"Netflix once asked Blockbuster for financial help -- and got turned down. 

Here's how Netflix beat its rivals and‚Ä¶ https://t.co/TcnpjQMv2L",91,0.765,0.732,0.0,0.268
291,CNN,Wed Jul 25 04:06:30 +0000 2018,"Southern Colorado has been slammed with hail, heavy rain, and flooding, and residents were urged to evacuate in som‚Ä¶ https://t.co/SZ65JsFJc9",92,0.0772,0.936,0.0,0.064
292,CNN,Wed Jul 25 04:03:05 +0000 2018,The White House has suspended the practice of publishing public summaries of President Trump's phone calls with wor‚Ä¶ https://t.co/KrPbj4zwJ0,93,-0.4767,0.853,0.147,0.0
293,CNN,Wed Jul 25 04:01:03 +0000 2018,A Florida police officer was filmed helping a homeless man to shave to help him land a job https://t.co/2fes1Oh1Lz https://t.co/xGfWYXBHot,94,0.5994,0.754,0.0,0.246
294,CNN,Wed Jul 25 03:53:08 +0000 2018,"Three former US secretaries of state -- Madeleine Albright, Colin Powell and Hillary Clinton -- will appear togethe‚Ä¶ https://t.co/PlxIU63HST",95,0.0,1.0,0.0,0.0
295,CNN,Wed Jul 25 03:53:08 +0000 2018,"A man was shot to death while defending his friend against racial slurs, police say https://t.co/4sM75XfzYd https://t.co/YHJ3K9y3I0",96,-0.1779,0.664,0.185,0.152
296,CNN,Wed Jul 25 03:51:05 +0000 2018,"The media's fascination with Breitbart has faded -- and that could spell trouble for the site, writes CNN's‚Ä¶ https://t.co/lWZfiAByiM",97,0.128,0.742,0.118,0.14
297,CNN,Wed Jul 25 03:49:07 +0000 2018,"As he takes over a newsroom that was just reduced by half, the New York Daily News' new top editor, Robert York, is‚Ä¶ https://t.co/jDWdFQrBIa",98,0.2023,0.924,0.0,0.076
298,CNN,Wed Jul 25 03:46:03 +0000 2018,"Numerous flash flood watches and warnings are in effect throughout the Mid-Atlantic, stretching from parts of North‚Ä¶ https://t.co/eFbfvM6r3w",99,-0.296,0.885,0.115,0.0
299,CNN,Wed Jul 25 03:42:04 +0000 2018,"When construction changed a blind man's route, this bus driver helped the passenger cross the street‚Ä¶ https://t.co/IgrOHHDFCL",100,-0.4019,0.847,0.153,0.0
300,Fox News,Wed Jul 25 03:38:55 +0000 2018,John Wayne Gacy victim reconstructions released by authorities https://t.co/v4m2P3kxzi,1,-0.2732,0.792,0.208,0.0
301,Fox News,Wed Jul 25 03:32:12 +0000 2018,".@SenJohnKennedy on Supreme Court nominee Kavanaugh: ""We're appointing an unelected, the most powerful unelected po‚Ä¶ https://t.co/5HaIlgXoQf",2,0.7713,0.677,0.0,0.323
302,Fox News,Wed Jul 25 03:24:46 +0000 2018,".@RepAndyBiggsAZ: ""In Washington, D.C., everyone should always be concerned about leaks."" @foxnewsnight https://t.co/FyQ2VKvA08",3,0.0,1.0,0.0,0.0
303,Fox News,Wed Jul 25 03:17:22 +0000 2018,"""It's not denuclearization."" 

@gen_jackkeane comments on images that appear to show North Korea dismantling its ma‚Ä¶ https://t.co/SIP3Pyb34Q",4,0.0,1.0,0.0,0.0
304,Fox News,Wed Jul 25 03:07:55 +0000 2018,"Trump, Cohen discussed 'financing' of possible Playboy model payment on secret recording https://t.co/q10S55tPRK",5,0.0,1.0,0.0,0.0
305,Fox News,Wed Jul 25 02:54:13 +0000 2018,".@Reince on controversies facing @POTUS: ""I do also believe that there is a huge benefit to the president of puttin‚Ä¶ https://t.co/r5tLSol391",6,0.6486,0.773,0.0,0.227
306,Fox News,Wed Jul 25 02:44:48 +0000 2018,".@RudyGiuliani on negotiations with the Mueller team to narrow the scope of a potential interview with @POTUS: ""We'‚Ä¶ https://t.co/1l6nf2USjn",7,0.0,1.0,0.0,0.0
307,Fox News,Wed Jul 25 02:40:23 +0000 2018,".@RudyGiuliani on the Michael Cohen-Trump secret recording: ""This tape is crystal clear when you listen to it.""‚Ä¶ https://t.co/UPPU1TocRj",8,0.3818,0.867,0.0,0.133
308,Fox News,Wed Jul 25 02:26:02 +0000 2018,".@RudyGiuliani on the Michael Cohen-Trump secret recording: ""There's no indication of any crime being committed on‚Ä¶ https://t.co/7cBO39ghRi",9,-0.5574,0.642,0.261,0.096
309,Fox News,Wed Jul 25 02:20:29 +0000 2018,".@RudyGiuliani on the Michael Cohen-Trump secret recording: ""The major point is, it's outrageous that someone would‚Ä¶ https://t.co/J79dmMzCVa",10,-0.4588,0.842,0.158,0.0
310,Fox News,Wed Jul 25 02:12:06 +0000 2018,'Demi is awake': Pop star ‚Äòin stable condition‚Äô after apparent overdose scare https://t.co/moenI3UcVj,11,-0.25,0.671,0.195,0.134
311,Fox News,Wed Jul 25 02:10:00 +0000 2018,Judge orders release of illegal immigrant detained by ICE during pizza delivery at military base. https://t.co/UzyzSBUaMR,12,-0.743,0.69,0.31,0.0
312,Fox News,Wed Jul 25 02:01:06 +0000 2018,"Carter Page on how he was characterized in FISA warrants: ""It's just an un-hidden way of attacking the Trump campai‚Ä¶ https://t.co/JcRqE69hB4",13,-0.4588,0.87,0.13,0.0
313,Fox News,Wed Jul 25 01:51:51 +0000 2018,".@seanhannity to Carter Page: ""Were you ever approached to be a spy?""
Carter Page: ""Never in my life. No."" #Hannity https://t.co/OgaftO23hQ",14,0.0,1.0,0.0,0.0
314,Fox News,Wed Jul 25 01:46:20 +0000 2018,OPINION: Trump's trade war is economic suicide https://t.co/EhYp6wNVxQ,15,-0.8555,0.417,0.583,0.0
315,Fox News,Wed Jul 25 01:42:00 +0000 2018,France's Julian Alaphilippe celebrates as he crosses the finish line to win the sixteenth stage of the Tour de Fran‚Ä¶ https://t.co/k6Qf3SGQF7,16,0.8176,0.717,0.0,0.283
316,Fox News,Wed Jul 25 01:36:00 +0000 2018,.@FLOTUS visits hospital to promote her 'Be Best' campaign https://t.co/Sz7wGvAhWF,17,0.7783,0.541,0.0,0.459
317,Fox News,Wed Jul 25 01:30:00 +0000 2018,Soccer coach Ekkapol Chantawong lights a candle as he and members of the rescued soccer team attend a Buddhist cere‚Ä¶ https://t.co/aNY7zPIAcq,18,0.4215,0.865,0.0,0.135
318,Fox News,Wed Jul 25 01:22:37 +0000 2018,Mysterious dog-leash death of North Carolina developer ruled homicide https://t.co/FHlyA4U0Xl,19,-0.5994,0.698,0.302,0.0
319,Fox News,Wed Jul 25 01:18:44 +0000 2018,"Trump announces emergency aid for farmers hurt by trade war, says they'll win in the end https://t.co/cuTHVtwCCo",20,-0.7269,0.487,0.371,0.142
320,Fox News,Wed Jul 25 01:10:00 +0000 2018,DRAMATIC: Body camera footage captures the moment Perth Amboy Police Officer Kyle Savoia ran to save a man who was‚Ä¶ https://t.co/dPwB0IEuHZ,21,0.4939,0.856,0.0,0.144
321,Fox News,Wed Jul 25 01:02:16 +0000 2018,.@FLOTUS Melania Trump visited with patients at the Vanderbilt Children‚Äôs Hospital in Nashville on Tuesday. https://t.co/MNUzqGyqgS,22,0.0,1.0,0.0,0.0
322,Fox News,Wed Jul 25 00:55:00 +0000 2018,"Pennsylvania teen found in Mexico with alleged 45-year-old lover is gone again, police say. https://t.co/cgCT5kVI5s",23,0.5859,0.787,0.0,0.213
323,Fox News,Wed Jul 25 00:51:19 +0000 2018,JUST IN: @BrianKempGA defeats @CaseyCagle in Georgia GOP gubernatorial runoff. https://t.co/8ecR5glGug,24,-0.3182,0.813,0.187,0.0
324,Fox News,Wed Jul 25 00:47:00 +0000 2018,North Carolina woman claims she nearly lost leg after contracting serious infection from pedicure. https://t.co/ApqnN6AtYc,25,-0.3818,0.783,0.217,0.0
325,Fox News,Wed Jul 25 00:40:00 +0000 2018,American Airlines passengers film 'fuel pouring' out of plane wing. https://t.co/admODPcDqI,26,0.0,1.0,0.0,0.0
326,Fox News,Wed Jul 25 00:32:00 +0000 2018,Demi Lovato's most powerful mental health and addiction advocacy moments through the years. https://t.co/B4BgB8w67I,27,0.4754,0.808,0.0,0.192
327,Fox News,Wed Jul 25 00:25:00 +0000 2018,Heart of @YosemiteNPS to close as crews battle the blaze. https://t.co/dsmFixGvef,28,-0.3818,0.794,0.206,0.0
328,Fox News,Wed Jul 25 00:19:00 +0000 2018,"You'll definitely need a bigger boat!

The great white shark known as ""Deep Blue"" is thought to be the largest grea‚Ä¶ https://t.co/hDB6kvDqXy",29,0.7959,0.728,0.0,0.272
329,Fox News,Wed Jul 25 00:11:08 +0000 2018,YOU'VE GOT MAIL: A father surprised his three children after returning home from military deployment four months ea‚Ä¶ https://t.co/ReNewYO6yV,30,0.2263,0.899,0.0,0.101
330,Fox News,Wed Jul 25 00:03:00 +0000 2018,Attorney General Jeff Sessions delivered a blistering attack on campus culture in front of a group of conservative‚Ä¶ https://t.co/p5PDxrr4rE,31,-0.4767,0.838,0.162,0.0
331,Fox News,Tue Jul 24 23:57:00 +0000 2018,Demi Lovato ‚Äòin stable condition‚Äô after reported apparent heroin overdose: source https://t.co/h9OVyPrRTe,32,-0.25,0.649,0.208,0.143
332,Fox News,Tue Jul 24 23:52:00 +0000 2018,DHS @SecNielsen says @WhiteHouse is 'on track' to reunite separated families by deadline https://t.co/IqVLhYkWj6,33,0.0,1.0,0.0,0.0
333,Fox News,Tue Jul 24 23:47:10 +0000 2018,"VP of Indiana Farm Bureau Kendell Culp: ""We appreciate the president having our backs as farmers, and he said that‚Ä¶ https://t.co/9Aan4J4ufy",34,0.3612,0.83,0.052,0.118
334,Fox News,Tue Jul 24 23:41:38 +0000 2018,"Mickey Bergman on U.S.-North Korea relations: ""We need to remember not to cry, 'All is lost,' every time there is a‚Ä¶ https://t.co/3rTuteS6yE",35,0.3724,0.892,0.0,0.108
335,Fox News,Tue Jul 24 23:37:50 +0000 2018,Orlando police officer offers stray dog a 'forever home' if no one claims him https://t.co/zmn9madc0Z,36,-0.296,0.855,0.145,0.0
336,Fox News,Tue Jul 24 23:34:36 +0000 2018,A closer look at Otto Warmbier's story https://t.co/wcZbNh4UFF https://t.co/GS5ZxWLOD1,37,0.0,1.0,0.0,0.0
337,Fox News,Tue Jul 24 23:22:35 +0000 2018,"Patti Blagojevich: ""The court played politics and they had to bury my husband so deep that he could never come out‚Ä¶ https://t.co/paR1PXwN4Z",38,0.34,0.897,0.0,0.103
338,Fox News,Tue Jul 24 23:21:32 +0000 2018,"Patti Blagojevich on ""latest revelations"" about the FISA court: ""I can't believe these people are at it again. Whet‚Ä¶ https://t.co/HsnufSt7rb",39,0.0,1.0,0.0,0.0
339,Fox News,Tue Jul 24 23:14:13 +0000 2018,"Liberal 9th Circuit backs right to carry firearms in public, in latest pro-2nd Amendment ruling https://t.co/PdKwzrQd03",40,-0.0516,0.926,0.074,0.0
340,Fox News,Tue Jul 24 23:08:22 +0000 2018,"Patti Blagojevich on husband's potential pardon: ""[@POTUS has] given our family a tremendous amount of hope...We're‚Ä¶ https://t.co/CEXblPId3x",41,0.3182,0.867,0.0,0.133
341,Fox News,Tue Jul 24 23:04:45 +0000 2018,Members of the Thai soccer team and their coach who were trapped in a cave for more than two weeks before being res‚Ä¶ https://t.co/lCSF568Tq7,42,-0.5267,0.866,0.134,0.0
342,Fox News,Tue Jul 24 22:59:27 +0000 2018,"New York Giants star Odell Beckham Jr. accused of paying woman for sex, report says. https://t.co/qBZCRafVYf",43,-0.296,0.872,0.128,0.0
343,Fox News,Tue Jul 24 22:50:34 +0000 2018,Here's a preview of the Georgia Republican governor's runoff race ahead of the polls closing tonight.‚Ä¶ https://t.co/1gcp15poxZ,44,0.0,1.0,0.0,0.0
344,Fox News,Tue Jul 24 22:37:55 +0000 2018,"HOT DOG: Sonny, a K-9 officer, struggled to find his stride as he tested out new booties to protect his paws on the‚Ä¶ https://t.co/hEn9kULAq9",45,0.0516,0.808,0.092,0.1
345,Fox News,Tue Jul 24 22:34:36 +0000 2018,".@SecNielsen: ""We have to be very clear: the capability and the intent of the Russians is there. We must prepare fo‚Ä¶ https://t.co/ND6GbHPzWP",46,0.4391,0.879,0.0,0.121
346,Fox News,Tue Jul 24 22:29:29 +0000 2018,".@SecNielsen on hacking of industrial control systems that manage the power grid: ""In one case we did see access to‚Ä¶ https://t.co/szXAsM7oML",47,0.0,1.0,0.0,0.0
347,Fox News,Tue Jul 24 22:23:44 +0000 2018,".@SecNielsen: ""We would like to build as much wall as we can."" #SpecialReport https://t.co/vKxCPtSpgM",48,0.3612,0.839,0.0,0.161
348,Fox News,Tue Jul 24 22:21:53 +0000 2018,".@SecNielsen: ""We should be able to keep children with their families. We should be able to secure the borders.""‚Ä¶ https://t.co/MPK2dDouI7",49,0.34,0.888,0.0,0.112
349,Fox News,Tue Jul 24 22:17:36 +0000 2018,".@SecNielsen on the 463 parents possibly deported without their children: ""These are parents who have made the deci‚Ä¶ https://t.co/TvczVbCzVD",50,0.0,1.0,0.0,0.0
350,Fox News,Tue Jul 24 22:13:16 +0000 2018,".@SecNielsen on deadline to reunify families separated: ""It's certainly our intention to reunify all families that‚Ä¶ https://t.co/IqvRUZCIdF",51,0.34,0.87,0.0,0.13
351,Fox News,Tue Jul 24 22:07:25 +0000 2018,Former GOP Gov Calls for Trump's Resignation: 'Unfit to Remain in Office' https://t.co/qb1rkgAShQ,52,-0.296,0.845,0.155,0.0
352,Fox News,Tue Jul 24 22:00:52 +0000 2018,"Religious freedom is a 'right given by God,' State Department official says. https://t.co/IIfEn2geV5",53,0.6369,0.724,0.0,0.276
353,Fox News,Tue Jul 24 21:54:27 +0000 2018,.@POTUS arrives at Andrews Air Force Base. https://t.co/uDFmpCYWqa,54,0.0,1.0,0.0,0.0
354,Fox News,Tue Jul 24 21:54:07 +0000 2018,"Religious freedom is 'right given by God,' @StateDept official says https://t.co/Tr7EON8Y11",55,0.6369,0.704,0.0,0.296
355,Fox News,Tue Jul 24 21:50:00 +0000 2018,TUNE IN: @SecNielsen joins  '@SpecialReport with @BretBaier' TONIGHT in an exclusive interview at 6p ET on Fox News‚Ä¶ https://t.co/5OFVVnHtm7,56,0.128,0.923,0.0,0.077
356,Fox News,Tue Jul 24 21:48:52 +0000 2018,"Texas man dies after contracting flesh-eating bacteria in Gulf waters, officials say https://t.co/l9jGmTcv3r",57,0.0,1.0,0.0,0.0
357,Fox News,Tue Jul 24 21:28:11 +0000 2018,"New Hampshire man dies after yellow jacket sting, wife says https://t.co/QatUQGn9om",58,0.0,1.0,0.0,0.0
358,Fox News,Tue Jul 24 21:26:21 +0000 2018,".@jasoninthehouse: ""It does beg the question: these people are former employees, why do they need to continue to ge‚Ä¶ https://t.co/ib4COefmRd",59,0.0,1.0,0.0,0.0
359,Fox News,Tue Jul 24 21:12:03 +0000 2018,.@tedcruz: ‚ÄúWhat our focus should be across party lines is protecting the national security interests of the countr‚Ä¶ https://t.co/5cxJrVvKwY,60,0.7269,0.693,0.0,0.307
360,Fox News,Tue Jul 24 21:09:11 +0000 2018,Demi Lovato heroin overdose report sparks reactions from celebrities: 'No one is more honest or brave' https://t.co/j0AEbyFgtb,61,0.4323,0.507,0.21,0.283
361,Fox News,Tue Jul 24 20:47:00 +0000 2018,Eric Holder will decide whether to run in 2020 'sometime early next year' https://t.co/KnNiCMzQey,62,0.0,1.0,0.0,0.0
362,Fox News,Tue Jul 24 20:44:48 +0000 2018,Pepperidge Farm recalls Goldfish cracker varieties due to possible salmonella contamination https://t.co/ZcsX53892k,63,0.0,1.0,0.0,0.0
363,Fox News,Tue Jul 24 20:42:53 +0000 2018,RT @FoxBusiness: Why Trump‚Äôs tariffs could actually help farmers  https://t.co/EHDWzFDy2a,64,0.4019,0.769,0.0,0.231
364,Fox News,Tue Jul 24 20:35:07 +0000 2018,A Florida police officer went above and beyond the call of duty to help a homeless man land a job.‚Ä¶ https://t.co/zhrY9lyw0W,65,0.4019,0.863,0.0,0.137
365,Fox News,Tue Jul 24 20:28:19 +0000 2018,"""We are not fools""

Amb. @nikkihaley pressures Arab states to step up on Palestinian aid. https://t.co/AwTMmuB4Qs",66,0.0844,0.74,0.122,0.139
366,Fox News,Tue Jul 24 20:18:48 +0000 2018,".@newtgingrich: ""We've ended a long period where the U.S. tolerated other countries cheating on their agreements, r‚Ä¶ https://t.co/O4DivIPd51",67,-0.3612,0.725,0.174,0.101
367,Fox News,Tue Jul 24 20:10:58 +0000 2018,"'Making America 1929 Again': GOP Sen. @BenSasse Rips Trump on Tariffs, Planned Farmer 'Bailout' https://t.co/IJRsaFV1MT",68,0.0,1.0,0.0,0.0
368,Fox News,Tue Jul 24 20:07:33 +0000 2018,"JUST IN: Demi Lovato hospitalized for apparent heroin overdose, according to a report. https://t.co/TQuDAFUWfN",69,-0.4939,0.789,0.211,0.0
369,Fox News,Tue Jul 24 20:02:09 +0000 2018,.@ShepNewsTeam is live with the ‚ÄòFox News Update‚Äô on Facebook Watch: https://t.co/hNrB8xzepH https://t.co/pzLyXDlAe2,70,0.0,1.0,0.0,0.0
370,Fox News,Tue Jul 24 19:57:53 +0000 2018,RT @ShepNewsTeam: AFTER THE SHOW: Check out our Fox News Afternoon Update on Facebook Watch at https://t.co/IpXcWDUA5J. Shep will have the‚Ä¶,71,0.0,1.0,0.0,0.0
371,Fox News,Tue Jul 24 19:53:15 +0000 2018,Sen. McCaskill's campaign hit with report on husband's federal subsidy windfall. https://t.co/KBbo42sEDH,72,0.0,1.0,0.0,0.0
372,Fox News,Tue Jul 24 19:48:35 +0000 2018,Republican congressman introduces a bill that would create a tax on carbon emissions. @ShepNewsTeam https://t.co/HWTSOtOmfw,73,0.2732,0.851,0.0,0.149
373,Fox News,Tue Jul 24 19:45:01 +0000 2018,TUNE IN: @SecNielsen joins  '@SpecialReport with @BretBaier' TONIGHT in an exclusive interview at 6p ET on Fox News‚Ä¶ https://t.co/Adm5TZZ3Pm,74,0.128,0.923,0.0,0.077
374,Fox News,Tue Jul 24 19:37:44 +0000 2018,.@FLOTUS visits Vanderbilt Children‚Äôs Hospital in Nashville.  https://t.co/vhrLZ0jmpe,75,0.0,1.0,0.0,0.0
375,Fox News,Tue Jul 24 19:35:41 +0000 2018,".@SecPompeo on reports of North Korea dismantling a missile-engine test site: ""We've been pressing for there to be‚Ä¶ https://t.co/V0qfHzuJjX",76,0.0,1.0,0.0,0.0
376,Fox News,Tue Jul 24 19:28:34 +0000 2018,"'NRA turns kids into shooting targets,' Florida Dem gubernatorial candidate says in a new mailer. https://t.co/e4OBweGOOZ",77,0.0,1.0,0.0,0.0
377,Fox News,Tue Jul 24 19:25:26 +0000 2018,RT @FoxBusiness: Goldfish crackers recalled over salmonella concerns  https://t.co/mmX7zVbGgI,78,0.0,1.0,0.0,0.0
378,Fox News,Tue Jul 24 19:23:27 +0000 2018,"Mystery ATM device stole $500 each from dozens of bank accounts, police say. https://t.co/I8Anxx4aSe",79,0.0,1.0,0.0,0.0
379,Fox News,Tue Jul 24 19:14:31 +0000 2018,"Texas mother arrested after allegedly locking herself and son, 10, in hot car. https://t.co/KFYcFdw7mV",80,-0.4767,0.807,0.193,0.0
380,Fox News,Tue Jul 24 19:04:33 +0000 2018,.@IvankaTrump's fashion company is shutting down. https://t.co/vET3jKvtjv,81,0.0,1.0,0.0,0.0
381,Fox News,Tue Jul 24 18:53:04 +0000 2018,"Want to know where sharks are? This new interactive map will show you.
https://t.co/Zi3irJUN1d",82,0.0772,0.909,0.0,0.091
382,Fox News,Tue Jul 24 18:44:08 +0000 2018,Poland pushes for bigger U.S. military presence to deter Russian aggression #DailyBriefing https://t.co/rLWLTKNytB,83,-0.296,0.845,0.155,0.0
383,Fox News,Tue Jul 24 18:36:17 +0000 2018,"Giant iceberg that broke off Antarctica is now stuck, potentially posing a threat (via @christocarbone) https://t.co/AGD4X8ui6E",84,-0.802,0.594,0.406,0.0
384,Fox News,Tue Jul 24 18:32:51 +0000 2018,"WATCH: @POTUS Invites 94-Year-Old Veteran on Stage, Invites Him to Oval Office https://t.co/N0VyOW4Ky4 https://t.co/VmVrzvaxxQ",85,0.0,1.0,0.0,0.0
385,Fox News,Tue Jul 24 18:21:16 +0000 2018,Black Hawk Army helicopters get futuristic new cockpit https://t.co/vN44yGDL52,86,0.0,1.0,0.0,0.0
386,Fox News,Tue Jul 24 18:15:47 +0000 2018,RT @FoxBusiness: Ivanka Trump closing fashion brand  https://t.co/Kqe7HCReY7,87,0.0,1.0,0.0,0.0
387,Fox News,Tue Jul 24 18:12:45 +0000 2018,St. Louis Cardinals pitcher who had brain surgery after being hit in head tosses 7 no-hit innings in MLB debut (via‚Ä¶ https://t.co/JLauH0rSok,88,0.0,1.0,0.0,0.0
388,Fox News,Tue Jul 24 18:03:24 +0000 2018,"John Schneider on indicted 'Smallville' co-star Allison Mack: She was 'wonderful, very levelheaded' (via @Sashafb) https://t.co/vyC4UPTxmy",89,0.0,1.0,0.0,0.0
389,Fox News,Tue Jul 24 17:56:37 +0000 2018,".@POTUS: ‚ÄúTo every single member of the VFW: Because of your service, your courage, and your example, we are restor‚Ä¶ https://t.co/KyrJY0uloK",90,0.4939,0.862,0.0,0.138
390,Fox News,Tue Jul 24 17:55:46 +0000 2018,"RT @FoxBusiness: .@POTUS addressing veterans in Missouri: ""Anywhere those uniforms appear our enemies tremble with fear because they know t‚Ä¶",91,-0.8176,0.667,0.333,0.0
391,Fox News,Tue Jul 24 17:51:18 +0000 2018,.@POTUS: ‚ÄúI‚Äôd like to take this moment to recognize every World War II veteran in the audience today. Each of you i‚Ä¶ https://t.co/2IhtuUzSjU,92,-0.34,0.766,0.142,0.091
392,Fox News,Tue Jul 24 17:37:24 +0000 2018,.@POTUS: ‚ÄúMy administration also understands that we cannot be a safe country if we are not a prosperous country.‚Äù https://t.co/8EuZbFBjs1,93,-0.6072,0.763,0.237,0.0
393,Fox News,Tue Jul 24 17:34:44 +0000 2018,"RT @FoxBusiness: .@POTUS addressing veterans in Missouri: ""As promised we established the White House VA hotline and every VA medical cente‚Ä¶",94,0.3612,0.889,0.0,0.111
394,Fox News,Tue Jul 24 17:32:47 +0000 2018,".@POTUS: ‚ÄúAmerica is a peace-loving nation. We do not seek conflict, but if conflict is forced upon us, we will def‚Ä¶ https://t.co/RTRzdQ7Ntn",95,-0.2677,0.694,0.154,0.151
395,Fox News,Tue Jul 24 17:29:58 +0000 2018,.@POTUS: ‚ÄúWe are now undertaking the greatest rebuilding of our United States military in its history.‚Äù https://t.co/SuLbVyhjzJ,96,0.7906,0.682,0.0,0.318
396,Fox News,Tue Jul 24 17:27:44 +0000 2018,"RT @FoxBusiness: .@POTUS addressing veterans in Missouri: ""I'm also thrilled to say that we have secured for our military service members a‚Ä¶",97,0.6808,0.781,0.0,0.219
397,Fox News,Tue Jul 24 17:22:43 +0000 2018,".@POTUS: ‚ÄúWe‚Äôre also pursuing the denuclearization of North Korea and a new future of prosperity, security, and pea‚Ä¶ https://t.co/GnhXFFvOwB",98,0.34,0.876,0.0,0.124
398,Fox News,Tue Jul 24 17:12:00 +0000 2018,".@POTUS: ‚ÄúFor more than a century, the VFW has represented American heroes who promoted American values, and they d‚Ä¶ https://t.co/EGCIwGHY1f",99,0.8316,0.645,0.0,0.355
399,Fox News,Tue Jul 24 17:11:21 +0000 2018,"RT @FoxBusiness: .@POTUS addressing veterans in Missouri: ""You are the universal symbol of the patriotic pride that beats loudly in every s‚Ä¶",100,0.34,0.897,0.0,0.103
400,The New York Times,Tue Jul 24 17:09:11 +0000 2018,The aid to farmers is an effort to insulate food producers from financial losses that would be a direct result of P‚Ä¶ https://t.co/IzMDYCyqbt,1,-0.4019,0.886,0.114,0.0
401,The New York Times,Tue Jul 24 17:08:37 +0000 2018,The move is an indication that President Trump plans to plow forward in escalating his tariff tit-for-tat around th‚Ä¶ https://t.co/lizXdOhieo,2,0.0,1.0,0.0,0.0
402,The New York Times,Tue Jul 24 17:03:41 +0000 2018,The Trump administration will pledge up to $12 billion in emergency aid to farmers hurt by the president‚Äôs trade war https://t.co/JjIp9AkULM,3,-0.872,0.645,0.355,0.0
403,The New York Times,Tue Jul 24 16:53:07 +0000 2018,"""Imagine an eccentric, highly polished David Chang restaurant that the world hasn‚Äôt heard about yet."" @pete_wells r‚Ä¶ https://t.co/zYavQHB7F0",4,0.0,1.0,0.0,0.0
404,The New York Times,Tue Jul 24 16:43:03 +0000 2018,"""They knew how you liked your coffee. You‚Äôd hear all the neighborhood gossip,‚Äù  said one of the photographers of a‚Ä¶ https://t.co/PvAZjpaxtA",5,0.4215,0.877,0.0,0.123
405,The New York Times,Tue Jul 24 16:33:05 +0000 2018,"The Austrian-Slovenian border had vanished. Now the checkpoints are back, and the Austrian soldiers have returned. https://t.co/QRQmBKvA70",6,0.0,1.0,0.0,0.0
406,The New York Times,Tue Jul 24 16:23:02 +0000 2018,"If scientists understand why tick bites are suddenly causing a strange reaction in some people who eat meat, that c‚Ä¶ https://t.co/zr2aVTNivY",7,-0.2023,0.913,0.087,0.0
407,The New York Times,Tue Jul 24 16:13:03 +0000 2018,"RT @JulietMacur: Michigan State. USC. Ohio State. More sex abuse scandals by the week, it seems. This time, a diver said her coach had sex‚Ä¶",8,-0.8378,0.735,0.265,0.0
408,The New York Times,Tue Jul 24 16:03:05 +0000 2018,"RT @nytopinion: Terrible news for New York City, journalism and democracy https://t.co/o6xDOApeZY",9,-0.4767,0.78,0.22,0.0
409,The New York Times,Tue Jul 24 15:53:06 +0000 2018,"If you want a dashboard for evidence of economic damage from the trade war, here‚Äôs what should be on it https://t.co/jHIRYFNogH",10,-0.7783,0.669,0.28,0.051
410,The New York Times,Tue Jul 24 15:43:01 +0000 2018,Cities can be miserable during heat waves. Here are 5 ways to keep them cooler. https://t.co/wbb1XcIOda,11,-0.4939,0.814,0.186,0.0
411,The New York Times,Tue Jul 24 15:33:11 +0000 2018,Hundreds of people were missing after a dam collapsed in Laos https://t.co/DWIwHvBlTs,12,-0.5106,0.677,0.323,0.0
412,The New York Times,Tue Jul 24 15:23:03 +0000 2018,The Tour de France came to a stop for 15 minutes after riders rode into police tear gas that was intended for prote‚Ä¶ https://t.co/HoxORrZzmY,13,-0.296,0.909,0.091,0.0
413,The New York Times,Tue Jul 24 15:16:38 +0000 2018,RT @pamelacolloff: Big news in the Joe Bryan case: the Texas Forensic Science Commission says blood-spatter analysis used to convict him of‚Ä¶,14,0.0,1.0,0.0,0.0
414,The New York Times,Tue Jul 24 15:13:04 +0000 2018,"RT @nytimesarts: Perhaps you‚Äôve heard: Hannah Gadsby is angry, and she is amazing https://t.co/rIVfrZh4u9",15,0.128,0.628,0.173,0.199
415,The New York Times,Tue Jul 24 15:03:05 +0000 2018,"Three weeks after they emerged from a flooded cave complex, the Thais known as the Wild Boars began a ceremony on T‚Ä¶ https://t.co/oTyTdEcvBG",16,0.0,1.0,0.0,0.0
416,The New York Times,Tue Jul 24 14:53:05 +0000 2018,"RT @marclacey: His great-grandfather, Benjamin Stapleton was a powerful member of the KKK, a bespectacled former judge who helped the group‚Ä¶",17,0.4215,0.865,0.0,0.135
417,The New York Times,Tue Jul 24 14:45:30 +0000 2018,"At least 74 people were killed due to wildfires in Greece.
Thousands have fled, some aboard rickety boats and makes‚Ä¶ https://t.co/4V510rGlSN",18,-0.6597,0.772,0.183,0.045
418,The New York Times,Tue Jul 24 14:40:51 +0000 2018,"More than 7,000 Nike employees will get raises in an effort to fix a culture that women said was rife with inequali‚Ä¶ https://t.co/gmdJioYWC5",19,0.0,1.0,0.0,0.0
419,The New York Times,Tue Jul 24 14:33:05 +0000 2018,"North Korea has started dismantling a missile-engine test site. In satellite images, other important facilities lik‚Ä¶ https://t.co/ZXF3Px7Vn9",20,0.2023,0.893,0.0,0.107
420,The New York Times,Tue Jul 24 14:23:05 +0000 2018,Georgia Republicans will pick their nominee for governor in a primary runoff today. Here's our guide to the race. https://t.co/tMgYuNqhLv,21,0.0,1.0,0.0,0.0
421,The New York Times,Tue Jul 24 14:15:01 +0000 2018,Israel shot down a Syrian fighter jet after it penetrated about a mile into Israeli-controlled airspace over the Go‚Ä¶ https://t.co/zf7hO27wtf,22,0.1531,0.914,0.0,0.086
422,The New York Times,Tue Jul 24 13:59:04 +0000 2018,"The scandal surrounding Alexandre Benalla, Emmanuel Macron's security chief who was caught on video beating up a pr‚Ä¶ https://t.co/QoSlWfYLQ3",23,-0.5423,0.644,0.253,0.103
423,The New York Times,Tue Jul 24 13:43:07 +0000 2018,Stephen Colbert said that an all-caps note doesn't seem like an ideal method of diplomatic communication ‚Äî or almos‚Ä¶ https://t.co/F4G6Qnqi1r,24,0.316,0.755,0.094,0.151
424,The New York Times,Tue Jul 24 13:30:15 +0000 2018,"Federal prosecutors in Manhattan who are investigating Michael Cohen have received 12 audio ""items"" that had been s‚Ä¶ https://t.co/hXiQh408oT",25,0.0,1.0,0.0,0.0
425,The New York Times,Tue Jul 24 13:14:03 +0000 2018,"""People were crying and hugging each other,"" said Scott Widener, a researcher who had worked at The Daily News sinc‚Ä¶ https://t.co/vmSchHyfLc",26,-0.0772,0.753,0.13,0.117
426,The New York Times,Tue Jul 24 13:00:13 +0000 2018,Morning¬†Briefing: Here's what you need to know to start your day https://t.co/ef7CGlZxW5 https://t.co/jwn7LmiUEh,27,0.0,1.0,0.0,0.0
427,The New York Times,Tue Jul 24 12:43:02 +0000 2018,The top United Nations court ordered the United Arab Emirates to allow the return of Qatari citizens expelled from‚Ä¶ https://t.co/4ehXBjCAjL,28,0.743,0.57,0.076,0.354
428,The New York Times,Tue Jul 24 12:29:02 +0000 2018,"Compared with American cities, the number of shootings in Toronto is low. That is by design. https://t.co/ucy69TAuLb",29,-0.2023,0.815,0.114,0.071
429,The New York Times,Tue Jul 24 12:15:08 +0000 2018,"Stormy Daniels's lawyer said that she and her husband had decided to end their marriage. Her husband, also a porn a‚Ä¶ https://t.co/Ff5fCgk04V",30,0.0,1.0,0.0,0.0
430,The New York Times,Tue Jul 24 12:00:08 +0000 2018,"Your daily @DealBook Briefing:

‚Ä¢ A go-to bank for the Trumps is being investigated.¬†

‚Ä¢ China's currency helps it‚Ä¶ https://t.co/ckQ9yi57MD",31,0.3818,0.86,0.0,0.14
431,The New York Times,Tue Jul 24 11:51:03 +0000 2018,Some political analysts say President Trump believes his threats of escalation against Iran may force Iranian leade‚Ä¶ https://t.co/srETlFYjkk,32,-0.4215,0.859,0.141,0.0
432,The New York Times,Tue Jul 24 11:41:05 +0000 2018,President Trump threatened to strip the security clearances of top former officials who criticized his refusal to c‚Ä¶ https://t.co/53h0N3aMwK,33,-0.3182,0.607,0.223,0.17
433,The New York Times,Tue Jul 24 11:31:05 +0000 2018,"North Korea has begun taking ""an important first step toward fulfilling a commitment made by Kim Jong-un,"" said an‚Ä¶ https://t.co/7QMJYUGs0s",34,0.5267,0.794,0.0,0.206
434,The New York Times,Tue Jul 24 11:16:04 +0000 2018,The Supreme Court ruled with little controversy in 1973 that women had a constitutional right to abortion. How did‚Ä¶ https://t.co/nPtcs5SmQs,35,0.5574,0.833,0.0,0.167
435,The New York Times,Tue Jul 24 11:00:08 +0000 2018,"Photos show workers using pikes, shovels and excavators to lift garbage from a beach in the Dominican Republic, onl‚Ä¶ https://t.co/qpLOv1e0Kn",36,0.0,1.0,0.0,0.0
436,The New York Times,Tue Jul 24 10:46:02 +0000 2018,"Over four years, thousands of victims in the United States lost ""hundreds of millions"" of dollars to a fake IRS pho‚Ä¶ https://t.co/XeKPTBJWa5",37,-0.5994,0.618,0.28,0.102
437,The New York Times,Tue Jul 24 10:31:04 +0000 2018,President Trump‚Äôs all-caps threat against Iran succeeded in changing the subject after a week of bad headlines abou‚Ä¶ https://t.co/6gojiDUFIs,38,-0.6249,0.607,0.279,0.113
438,The New York Times,Tue Jul 24 10:15:03 +0000 2018,Matt Lauer is seeking to have New Zealand‚Äôs government pay him hundreds of thousands of dollars if he is forced to‚Ä¶ https://t.co/QRLkn5sCRp,39,-0.5267,0.82,0.18,0.0
439,The New York Times,Tue Jul 24 10:00:08 +0000 2018,Morning¬†Briefing: Here's what you need to know to start your day https://t.co/RYvVdavI29 https://t.co/GeW8PzCxtl,40,0.0,1.0,0.0,0.0
440,The New York Times,Tue Jul 24 09:45:02 +0000 2018,"Portugal's government raised public sector salaries, the minimum wage and pensions and even restored the amount of‚Ä¶ https://t.co/4UG6W1olPy",41,0.34,0.876,0.0,0.124
441,The New York Times,Tue Jul 24 09:30:18 +0000 2018,"A graphic novel has made the longlist of the Man Booker Prize, Britain‚Äôs most prestigious literary award. The nomin‚Ä¶ https://t.co/0CN021INiE",42,0.8542,0.631,0.0,0.369
442,The New York Times,Tue Jul 24 09:15:06 +0000 2018,It turns out that the man who was counted among Jane Austen's most reviled readers might also have been one of her‚Ä¶ https://t.co/dm7vpFn0uN,43,0.0,1.0,0.0,0.0
443,The New York Times,Tue Jul 24 09:00:07 +0000 2018,"""I saw corpses, burned-out cars. I feel lucky to be alive,"" a resident said https://t.co/D41TIULUtQ",44,0.4215,0.811,0.0,0.189
444,The New York Times,Tue Jul 24 08:46:05 +0000 2018,"RT @nytimesworld: ‚ÄúA regime that for 40 years has said ‚ÄòDeath to America‚Äô cannot, in the context of President Trump‚Äôs aggressive policies,‚Ä¶",45,-0.1531,0.929,0.071,0.0
445,The New York Times,Tue Jul 24 08:29:05 +0000 2018,"The scandal surrounding Emmanuel Macron's security chief, who was caught on video beating up a May Day protester, h‚Ä¶ https://t.co/BwDK0pb8XM",46,-0.5423,0.658,0.243,0.099
446,The New York Times,Tue Jul 24 08:15:02 +0000 2018,"RT @nytimesworld: The Dominican Republic, known for sapphire seas and ivory beaches, is grappling with waves of garbage https://t.co/IXqLNA‚Ä¶",47,0.0,1.0,0.0,0.0
447,The New York Times,Tue Jul 24 08:02:05 +0000 2018,"The Dominican Republic is known for sapphire seas and ivory beaches, but it is grappling with waves of garbage wash‚Ä¶ https://t.co/poVF8D8MCd",48,0.0,1.0,0.0,0.0
448,The New York Times,Tue Jul 24 07:47:04 +0000 2018,RT @nytimesworld: The sudden departure of Mesut Ozil from Germany's national soccer team raised long-simmering questions about ethnic ident‚Ä¶,49,0.0,1.0,0.0,0.0
449,The New York Times,Tue Jul 24 07:32:03 +0000 2018,"‚ÄúYour concern is human rights. Mine is human lives."" President Duterte defended his deadly war on drug users and de‚Ä¶ https://t.co/MrsIQuiDfn",50,-0.5994,0.837,0.163,0.0
450,The New York Times,Tue Jul 24 07:17:04 +0000 2018,How one of the world‚Äôs great Champagne brands prepared for climate change https://t.co/omZiR7tFjy,51,0.802,0.549,0.0,0.451
451,The New York Times,Tue Jul 24 07:02:03 +0000 2018,Pakistan's election on Wednesday will serve as a kind of referendum on some of the most crucial issues facing the c‚Ä¶ https://t.co/0hl39aV2dP,52,0.0,1.0,0.0,0.0
452,The New York Times,Tue Jul 24 06:52:33 +0000 2018,"Bodyguard Scandal Highlights Macron‚Äôs Aloofness, Critics of French President Say https://t.co/7GxRfGR2Qs",53,-0.6249,0.638,0.362,0.0
453,The New York Times,Tue Jul 24 06:32:06 +0000 2018,RT @nytopinion: An unexpected turn of events that could lead ‚Äî despite Athens‚Äô protestations ‚Äî to a re-evaluation of Greece‚Äôs relations wit‚Ä¶,54,0.0,1.0,0.0,0.0
454,The New York Times,Tue Jul 24 06:06:40 +0000 2018,How one great song can totally transform a love scene https://t.co/MJtulQXRiw,55,0.8617,0.483,0.0,0.517
455,The New York Times,Tue Jul 24 05:50:26 +0000 2018,An Uber and Lyft driver recorded and live-streamed his passengers' conversations without their knowledge https://t.co/2KRZRW09wr,56,0.0,1.0,0.0,0.0
456,The New York Times,Tue Jul 24 05:33:04 +0000 2018,"RT @NYTNational: Justine Damond‚Äôs father on why her family is suing Minneapolis for $50 million over her death: Reform is the goal, he says‚Ä¶",57,-0.7184,0.786,0.214,0.0
457,The New York Times,Tue Jul 24 05:02:01 +0000 2018,"Even as Anthem has reduced the number of claims it is denying, it has expanded its policy to new states https://t.co/mu3nygrItN",58,-0.2732,0.837,0.106,0.057
458,The New York Times,Tue Jul 24 04:47:04 +0000 2018,RT @nytpolitics: President Trump‚Äôs threat that Iran would ‚Äúsuffer consequences the likes of which few throughout history have ever suffered‚Ä¶,59,-0.1531,0.744,0.14,0.116
459,The New York Times,Tue Jul 24 04:32:03 +0000 2018,"Last week, the E.U. fined Google $5.1 billion. This week, Google paid the fine -- and still had $3.2 billion in pro‚Ä¶ https://t.co/YQAxdU7sUb",60,0.2023,0.924,0.0,0.076
460,The New York Times,Tue Jul 24 04:18:05 +0000 2018,RT @nytopinion: Everyone who wants to defeat Trump should be cheered by the energy Alexandria Ocasio-Cortez and others like her are creatin‚Ä¶,61,0.5994,0.623,0.104,0.273
461,The New York Times,Tue Jul 24 04:06:04 +0000 2018,"When it comes to love, money is supposed to be no object. But is it possible to have a relationship with someone wh‚Ä¶ https://t.co/XckVXwEa6f",62,0.4588,0.766,0.08,0.153
462,The New York Times,Tue Jul 24 03:53:37 +0000 2018,Google Shrugs Off $5.1 Billion Fine With Another Big Quarter https://t.co/BmAXRsi9Lo,63,0.2023,0.847,0.0,0.153
463,The New York Times,Tue Jul 24 03:50:19 +0000 2018,Mesut Ozil‚Äôs Exit From German Soccer Team Stokes Debate on Integration https://t.co/IZvlIyf2PK,64,0.0,1.0,0.0,0.0
464,The New York Times,Tue Jul 24 03:47:06 +0000 2018,The Man Booker Prize ‚Äî Britain's main literary award ‚Äî has announced its longlist. And it's once again heavy on Ame‚Ä¶ https://t.co/yylgZXgmMV,65,0.7783,0.726,0.0,0.274
465,The New York Times,Tue Jul 24 03:32:04 +0000 2018,"In an enormous study, an international team of scientists identified more than a thousand variations in human genes‚Ä¶ https://t.co/MipxmxCG0Y",66,0.0,1.0,0.0,0.0
466,The New York Times,Tue Jul 24 03:17:03 +0000 2018,"RT @thomaskaplan: When I asked @SenatorHeitkamp about the push to abolish ICE, she rolled her eyes and called it ""crazy town"" https://t.co/‚Ä¶",67,-0.34,0.893,0.107,0.0
467,The New York Times,Tue Jul 24 03:02:07 +0000 2018,"More than 7,000 Nike employees will get raises after claims of workplace misconduct and discrimination against wome‚Ä¶ https://t.co/BMdabvlv27",68,0.0,1.0,0.0,0.0
468,The New York Times,Tue Jul 24 02:47:06 +0000 2018,You should never skip the opening credits. @poniewozik explains why.  https://t.co/e6PRz6qPQt,69,0.3612,0.8,0.0,0.2
469,The New York Times,Tue Jul 24 02:32:03 +0000 2018,The authorities in California said Monday night that they had captured a man who fatally stabbed a young woman and‚Ä¶ https://t.co/orU41GUwE3,70,-0.7964,0.705,0.295,0.0
470,The New York Times,Tue Jul 24 02:17:05 +0000 2018,"RT @nytimesmusic: ""Scorpion"" CDs are selling at an FYE store in Queens. But BTS has been ‚Äúhuge, way bigger than Drake.‚Äù https://t.co/TkirCY‚Ä¶",71,0.0,1.0,0.0,0.0
471,The New York Times,Tue Jul 24 02:02:07 +0000 2018,The Justice Department broke up a large-scale scam involving fake IRS calls that bilked Americans of ‚Äúhundreds of m‚Ä¶ https://t.co/pNKpY34Pek,72,-0.7351,0.536,0.343,0.121
472,The New York Times,Tue Jul 24 01:47:01 +0000 2018,The Senate overwhelmingly voted to approve President Trump‚Äôs latest pick to lead the Department of Veterans Affairs‚Ä¶ https://t.co/0qxgz9okRu,73,-0.128,0.919,0.081,0.0
473,The New York Times,Tue Jul 24 01:32:06 +0000 2018,"In Opinion

The ‚ÄúCurb Your Enthusiasm"" creator Larry David has the background on John Kelly's dour look: ""Kelly sat‚Ä¶ https://t.co/skVedEcnu5",74,0.4404,0.868,0.0,0.132
474,The New York Times,Tue Jul 24 01:17:02 +0000 2018,RT @PamelaPaulNYT: The Man Booker longlist announced! https://t.co/v7RyrrIEAd,75,0.0,1.0,0.0,0.0
475,The New York Times,Tue Jul 24 01:02:03 +0000 2018,Evening Briefing: Here's what you need to know at the end of the day https://t.co/frQjjAP9dp,76,0.0,1.0,0.0,0.0
476,The New York Times,Tue Jul 24 00:47:02 +0000 2018,"Medicare Advantage plans will be offering new benefits, including home modifications and home health aides. But not‚Ä¶ https://t.co/cVgLC1pyXZ",77,0.5574,0.777,0.0,0.223
477,The New York Times,Tue Jul 24 00:32:03 +0000 2018,"Is it possible to be sexual, but to not be seen as an object? In her video ‚ÄúGirlfriend,‚Äù H√©lo√Øse Letissier ‚Äî her bo‚Ä¶ https://t.co/Ie5ILhzMzq",78,0.0,1.0,0.0,0.0
478,The New York Times,Tue Jul 24 00:17:06 +0000 2018,RT @NYTScience: A new study shows that women who survive Ebola can sometimes pass it on. Where it hides in them is unknown. https://t.co/Wy‚Ä¶,79,-0.1779,0.928,0.072,0.0
479,The New York Times,Tue Jul 24 00:02:03 +0000 2018,Tons of plastic have been washing up on the pristine shores of the Dominican Republic https://t.co/u2Qjjqmzgl,80,0.0,1.0,0.0,0.0
480,The New York Times,Mon Jul 23 23:47:06 +0000 2018,A civil war wrecked one of Africa's great parks. But nature is roaring back ‚Äî with a little scientific assistance https://t.co/LwDM8Xozlj,81,0.0516,0.667,0.163,0.171
481,The New York Times,Mon Jul 23 23:32:04 +0000 2018,"As the Ferguson fire creeps closer to Yosemite National Park, more than 3,000 firefighters are battling the blaze https://t.co/XuTS38UZjY",82,-0.5423,0.791,0.209,0.0
482,The New York Times,Mon Jul 23 23:17:02 +0000 2018,"RT @nytopinion: Wearing blinders when considering a former administration official for a lifetime judgeship presents grave risks, writes Se‚Ä¶",83,-0.5719,0.761,0.239,0.0
483,The New York Times,Mon Jul 23 23:02:04 +0000 2018,How one great song can totally transform a love scene https://t.co/GIq4XK439M,84,0.8617,0.483,0.0,0.517
484,The New York Times,Mon Jul 23 22:47:03 +0000 2018,Evening Briefing: Here's what you need to know at the end of the day https://t.co/ChQ5DOpJ57,85,0.0,1.0,0.0,0.0
485,The New York Times,Mon Jul 23 22:32:07 +0000 2018,"Here are the 10 best and worst movie trailers from Comic-Con, ranked from most promising to least https://t.co/wni0yR2BUC",86,0.4754,0.57,0.156,0.274
486,The New York Times,Mon Jul 23 22:17:02 +0000 2018,Some Ritz cracker products have been recalled after a whey powder supplier found a potential salmonella risk https://t.co/5ZezMyuMgv,87,-0.2732,0.877,0.123,0.0
487,The New York Times,Mon Jul 23 22:02:04 +0000 2018,"Stalled in court, foes of partisan gerrymandering have opened a new front with ballot initiatives in 5 states, and‚Ä¶ https://t.co/VqCh1M6EJp",88,-0.5859,0.769,0.231,0.0
488,The New York Times,Mon Jul 23 21:47:07 +0000 2018,"RT @NYTmag: Read @parul_sehgal's profile of the playwright Young Jean Lee, who will be the first Asian-American woman to have a play on Bro‚Ä¶",89,0.34,0.902,0.0,0.098
489,The New York Times,Mon Jul 23 21:30:09 +0000 2018,"When Roe v. Wade was decided, it wasn't the lightning rod it is now. So how did abortion rights become one of the m‚Ä¶ https://t.co/9fpk03myCr",90,0.0,1.0,0.0,0.0
490,The New York Times,Mon Jul 23 21:16:05 +0000 2018,"RT @TheSteinLine: After vowing for years he would walk away alongside Tim Duncan, Gregg Popovich actually has two jobs now. Pop's new gig w‚Ä¶",91,0.0,1.0,0.0,0.0
491,The New York Times,Mon Jul 23 21:00:25 +0000 2018,"""As a nation, we have not decided that our children are more important than our guns, and any new novel on the subj‚Ä¶ https://t.co/hhu34WceRo",92,0.5256,0.827,0.0,0.173
492,The New York Times,Mon Jul 23 20:50:05 +0000 2018,"A Japanese city recorded a temperature of nearly 106 degrees, with no end to the weekslong heat wave in sight https://t.co/Z0HLECc2fv",93,-0.296,0.891,0.109,0.0
493,The New York Times,Mon Jul 23 20:40:05 +0000 2018,"""A great piece about the power of taking time to help another"" https://t.co/7VZa5lGvTs",94,0.7783,0.618,0.0,0.382
494,The New York Times,Mon Jul 23 20:30:08 +0000 2018,"Why @poniewozik loves the opening credits of ""The Good Fight"" https://t.co/oKM6MbPsX4",95,0.7579,0.374,0.139,0.487
495,The New York Times,Mon Jul 23 20:20:06 +0000 2018,Papa John's will take the poison pill defense to protect itself against any hostile takeover attempt by its former‚Ä¶ https://t.co/3uWhjn1BQL,96,-0.4588,0.611,0.233,0.156
496,The New York Times,Mon Jul 23 20:10:05 +0000 2018,These are some of the teenagers trying to build a youth-led movement to call for action on climate change and envir‚Ä¶ https://t.co/xdifKISTbf,97,0.0,1.0,0.0,0.0
497,The New York Times,Mon Jul 23 20:00:29 +0000 2018,"For a third week in a row, Drake easily held the top spot on the Billboard album chart https://t.co/5bgLlvkGee",98,0.4939,0.781,0.0,0.219
498,The New York Times,Mon Jul 23 19:50:04 +0000 2018,She moved into her first apartment with a zero-waste mindset: She tried to do it without buying anything new https://t.co/KBJ6CIZcCq,99,0.0,1.0,0.0,0.0
499,The New York Times,Mon Jul 23 19:40:05 +0000 2018,"He lost so many of his sheep to bears, ""I was in a depression,"" said a former shepherd in the French Pyrenees. ""The‚Ä¶ https://t.co/UUrcuPRRZQ",100,-0.3182,0.901,0.099,0.0
